DateTime,Julian,Year,Month,Date,Hour,Minute,CH4p,CH4S,CH4R,CO2p,CO2S,CO2R, InitialTemp,Chamber,CH4flag,CO2flag,CH4,CO2
7/28/14 18:18,209.7625,2014,7,28,18,18,0,2.950672312,0.9999,0,3261.1259,0.9999,29.90934,7085-75,Y,Y,154.3753985,469199.0544
7/28/14 19:02,209.7931,2014,7,28,19,2,0,2.738278611,0.9999,0,3202.936,0.9999,29.62334,7085-75,Y,Y,143.2632319,460826.9011
7/28/14 19:46,209.8236,2014,7,28,19,46,0,2.502328006,0.9999,0,3120.0022,0.9999,29.06659,7085-75,Y,Y,130.9185983,448894.6845
7/28/14 20:30,209.8542,2014,7,28,20,30,0,2.316817097,0.9999,0,3040.7255,0.9997,28.52078,7085-75,Y,Y,121.212905,437488.6383
7/28/14 21:14,209.8847,2014,7,28,21,14,0,2.126188874,0.9987,0,2968.165,0.9988,27.96768,7085-75,Y,Y,111.2394804,427048.8948
7/28/14 21:58,209.9153,2014,7,28,21,58,0,2.011134872,0.9999,0,2813.5893,0.9998,27.50494,7085-75,Y,Y,105.2200023,404809.0996
7/28/14 22:42,209.9458,2014,7,28,22,42,0,1.901239257,0.9999,0,2813.164,1,26.97576,7085-75,Y,Y,99.47040436,404747.9089
7/28/14 23:26,209.9764,2014,7,28,23,26,0,1.791704489,0.9998,0,2789.1199,0.9999,26.47899,7085-75,Y,Y,93.73968547,401288.5304
7/29/14 0:10,210.0069,2014,7,29,0,10,0,1.726510847,0.9998,0,2745.8893,0.9998,26.20461,7085-75,Y,Y,90.32883757,395068.6673
7/29/14 0:54,210.0375,2014,7,29,0,54,0,1.63884233,0.9998,0,2708.4543,0.9999,25.92164,7085-75,Y,Y,85.742133,389682.6542
7/29/14 1:38,210.0681,2014,7,29,1,38,0,1.558237945,0.9999,0,2678.2673,0.9999,25.35972,7085-75,Y,Y,81.52501472,385339.4574
7/29/14 2:22,210.0986,2014,7,29,2,22,0,1.453731924,0.9999,0,2624.6348,0.9998,24.8222,7085-75,Y,Y,76.0573935,377623.0063
7/29/14 3:06,210.1292,2014,7,29,3,6,0,1.368661527,0.9999,0,2588.6053,0.9999,23.58328,7085-75,Y,Y,71.60661918,372439.2116
7/29/14 3:50,210.1597,2014,7,29,3,50,0,1.281251894,0.9998,0,2533.0778,0.9998,22.928,7085-75,Y,Y,67.03345911,364450.1148
7/29/14 4:34,210.1903,2014,7,29,4,34,0,1.21610422,0.9998,0,2508.1753,0.9999,22.47068,7085-75,Y,Y,63.62501618,360867.2327
7/29/14 5:18,210.2208,2014,7,29,5,18,0,1.138493976,0.9999,0,2450.6149,0.9999,22.07858,7085-75,Y,Y,59.56454757,352585.6496
7/29/14 6:02,210.2514,2014,7,29,6,2,0,1.100949704,0.9998,0,2394.2706,0.9999,21.51293,7085-75,Y,Y,57.60027928,344479.0346
7/29/14 6:46,210.2819,2014,7,29,6,46,0,1.064309465,0.9998,0,2358.049,0.9999,21.68485,7085-75,Y,Y,55.68330889,339267.6011
7/29/14 7:30,210.3125,2014,7,29,7,30,0,1.059015851,0.9999,0,2337.4971,0.9999,22.44049,7085-75,Y,Y,55.40635377,336310.6678
7/29/14 8:14,210.3431,2014,7,29,8,14,0,1.079403167,0.9999,0,2324.9958,0.9999,22.85313,7085-75,Y,Y,56.47299208,334512.0257
7/29/14 8:59,210.3743,2014,7,29,8,59,0,1.09885543,0.9998,0,2345.582,1,23.39983,7085-75,Y,Y,57.49070957,337473.8941
7/29/14 9:43,210.4049,2014,7,29,9,43,0,1.111403433,0.9999,0,2337.2309,0.9999,23.76462,7085-75,Y,Y,58.14720499,336272.3679
7/29/14 10:27,210.4354,2014,7,29,10,27,0,1.152867899,0.9998,0,2357.0428,0.9996,24.65914,7085-75,Y,Y,60.3165728,339122.8327
7/29/14 11:11,210.4660,2014,7,29,11,11,0,1.193298804,0.9999,0,2309.36,0.9994,25.51037,7085-75,Y,Y,62.43186599,332262.4031
7/29/14 11:55,210.4965,2014,7,29,11,55,0,1.244904925,0.9996,0,2373.3824,0.9992,26.14545,7085-75,Y,Y,65.13183221,341473.7155
7/29/14 12:39,210.5271,2014,7,29,12,39,0,1.484769969,0.9988,0,2578.1866,0.9969,26.57811,7085-75,Y,Y,77.68126428,370940.2065
7/29/14 13:23,210.5576,2014,7,29,13,23,0,1.414940193,0.9993,0,2431.2027,0.9974,26.90959,7085-75,Y,Y,74.02785979,349792.6921
7/29/14 14:07,210.5882,2014,7,29,14,7,0,1.406666919,0.999,0,2785.2445,0.9976,27.05275,7085-75,Y,Y,73.59501265,400730.9518
7/29/14 14:51,210.6188,2014,7,29,14,51,0,1.317158279,0.9997,0,2613.7857,0.9996,26.60806,7085-75,Y,Y,68.91203521,376062.0769
7/29/14 15:35,210.6493,2014,7,29,15,35,0,1.271926476,0.998,0,2707.8899,0.9896,26.8365,7085-75,Y,Y,66.54556514,389601.4504
7/29/14 16:19,210.6799,2014,7,29,16,19,0,1.25020458,0.9996,0,2650.4505,0.9989,27.08971,7085-75,Y,Y,65.40910339,381337.2763
7/29/14 17:03,210.7104,2014,7,29,17,3,0,1.225161539,0.9989,0,2682.6152,0.9987,27.1639,7085-75,Y,Y,64.0988835,385965.0176
7/29/14 17:47,210.7410,2014,7,29,17,47,0,1.206982265,0.9994,0,2750.6808,0.9977,26.80186,7085-75,Y,Y,63.14776718,395758.0511
7/29/14 18:31,210.7715,2014,7,29,18,31,0,1.087566123,0.9988,0,2482.7296,0.9964,26.40977,7085-75,Y,Y,56.90006748,357206.197
7/29/14 19:15,210.8021,2014,7,29,19,15,0,1.084551867,0.9996,0,2607.2345,0.9992,25.6883,7085-75,Y,Y,56.74236548,375119.5138
7/29/14 19:59,210.8326,2014,7,29,19,59,0,1.026249477,0.9998,0,2618.1121,0.9998,24.57596,7085-75,Y,Y,53.69205904,376684.5437
7/29/14 20:43,210.8632,2014,7,29,20,43,0,0.930844575,0.9998,0,2567.1079,0.9999,23.37703,7085-75,Y,Y,48.70059669,369346.2431
7/29/14 21:27,210.8938,2014,7,29,21,27,0,0.855267079,0.9998,0,2532.8144,0.9998,22.39581,7085-75,Y,Y,44.74647882,364412.2177
7/29/14 22:11,210.9243,2014,7,29,22,11,0,0.795864857,0.9997,0,2465.4004,0.9998,21.24908,7085-75,Y,Y,41.63863059,354712.9341
7/29/14 22:55,210.9549,2014,7,29,22,55,0,0.738440572,0.9998,0,2403.8288,0.9999,20.28184,7085-75,Y,Y,38.63426552,345854.234
7/29/14 23:39,210.9854,2014,7,29,23,39,0,0.697128901,0.9997,0,2356.0509,0.9998,19.91164,7085-75,Y,Y,36.47289179,338980.1217
7/30/14 0:23,211.0160,2014,7,30,0,23,0,0.666680453,0.9996,0,2295.3719,0.9998,19.61214,7085-75,Y,Y,34.87986793,330249.8456
7/30/14 1:07,211.0465,2014,7,30,1,7,0,0.633857858,0.9997,0,2257.7259,0.9999,19.44012,7085-75,Y,Y,33.16263178,324833.4747
7/30/14 1:51,211.0771,2014,7,30,1,51,0,0.613174258,0.9997,0,2205.501,0.9998,19.01062,7085-75,Y,Y,32.08049231,317319.5441
7/30/14 2:35,211.1076,2014,7,30,2,35,0,0.576428956,0.9996,0,2176.0761,0.9999,18.97088,7085-75,Y,Y,30.15802513,313085.9954
7/30/14 3:19,211.1382,2014,7,30,3,19,0,0.56635514,0.9995,0,2138.7763,0.9998,18.44938,7085-75,Y,Y,29.63097599,307719.4344
7/30/14 4:03,211.1688,2014,7,30,4,3,0,0.546745139,0.9995,0,2106.7471,0.9999,18.19891,7085-75,Y,Y,28.60500584,303111.1885
7/30/14 4:48,211.1993,2014,7,30,4,47,0,0.520302709,0.9995,0,2063.5818,0.9999,17.9046,7085-75,Y,Y,27.22157176,296900.7205
7/30/14 5:32,211.2306,2014,7,30,5,32,0,0.498595131,0.9996,0,2038.6797,0.9999,17.88725,7085-75,Y,Y,26.08585907,293317.896
7/30/14 6:16,211.2611,2014,7,30,6,16,0,0.487492501,0.9995,0,2004.4228,0.9998,17.7872,7085-75,Y,Y,25.50498368,288389.1365
7/30/14 7:00,211.2917,2014,7,30,7,0,0,0.48129438,0.9995,0,1974.16,0.9999,17.95862,7085-75,Y,Y,25.18070588,284035.0338
7/30/14 7:44,211.3222,2014,7,30,7,44,0,0.500648476,0.9995,0,1958.1415,0.9999,18.52128,7085-75,Y,Y,26.19328744,281730.3497
7/30/14 8:28,211.3528,2014,7,30,8,28,0,0.538199133,0.9995,0,1952.5451,0.9999,19.85246,7085-75,Y,Y,28.15788974,280925.1598
7/30/14 9:12,211.3833,2014,7,30,9,12,0,0.582026982,0.9997,0,1978.4323,0.9999,21.66165,7085-75,Y,Y,30.45090672,284649.717
7/30/14 9:56,211.4139,2014,7,30,9,56,0,0.654157416,0.9989,0,1974.8503,0.9984,23.45937,7085-75,Y,Y,34.22467869,284134.3517
7/30/14 10:40,211.4444,2014,7,30,10,40,0,0.730701315,0.9997,0,2048.039,1,24.80035,7085-75,Y,Y,38.22935751,294664.4784
7/30/14 11:24,211.4750,2014,7,30,11,24,0,0.790154796,0.9997,0,2084.8867,0.9996,26.27821,7085-75,Y,Y,41.3398875,299965.9928
7/30/14 12:08,211.5056,2014,7,30,12,8,0,0.869826423,0.9994,0,2117.3512,0.9992,27.15878,7085-75,Y,Y,45.50820506,304636.8682
7/30/14 12:52,211.5361,2014,7,30,12,52,0,0.950481055,0.9995,0,2119.4275,0.9994,27.91673,7085-75,Y,Y,49.72795218,304935.5988
7/30/14 13:36,211.5667,2014,7,30,13,36,0,1.001239128,0.9998,0,2272.9986,0.9994,28.58373,7085-75,Y,Y,52.38354961,327030.8558
7/30/14 14:20,211.5972,2014,7,30,14,20,0,0.976682082,0.9998,0,2383.9664,1,28.5432,7085-75,Y,Y,51.09875637,342996.5034
7/30/14 15:04,211.6278,2014,7,30,15,4,0,0.997346135,0.9998,0,2449.7048,0.9995,28.95021,7085-75,Y,Y,52.1798732,352454.7077
7/30/14 15:48,211.6583,2014,7,30,15,48,0,0.994087989,0.9998,0,2532.8994,0.9998,28.86974,7085-75,Y,Y,52.00941118,364424.4472
7/30/14 16:32,211.6889,2014,7,30,16,32,0,0.983983308,0.9999,0,2563.0386,0.9999,28.67871,7085-75,Y,Y,51.48074717,368760.7668
7/30/14 17:16,211.7194,2014,7,30,17,16,0,0.955824965,0.9999,0,2588.9042,0.9999,28.40734,7085-75,Y,Y,50.00753871,372482.2162
7/30/14 18:00,211.7500,2014,7,30,18,0,0,0.929014796,0.9998,0,2573.1273,0.9999,27.86645,7085-75,Y,Y,48.60486498,370212.2927
7/30/14 18:44,211.7806,2014,7,30,18,44,0,0.871215053,0.9997,0,2592.3371,0.9998,27.25134,7085-75,Y,Y,45.58085641,372976.1295
7/30/14 19:28,211.8111,2014,7,30,19,28,0,0.821904725,0.9995,0,2566.4256,0.9986,26.55916,7085-75,Y,Y,43.00100318,369248.0762
7/30/14 20:12,211.8417,2014,7,30,20,12,0,0.739208236,0.9981,0,2374.2755,0.9934,25.40231,7085-75,Y,Y,38.67442872,341602.2115
7/30/14 20:56,211.8722,2014,7,30,20,56,0,0.691886834,0.9998,0,2432.8536,0.9998,24.15956,7085-75,Y,Y,36.19863355,350030.2177
7/30/14 21:40,211.9028,2014,7,30,21,40,0,0.640649656,0.9996,0,2393.1568,0.9999,23.39903,7085-75,Y,Y,33.51796995,344318.785
7/30/14 22:24,211.9333,2014,7,30,22,24,0,0.596701761,0.9996,0,2336.2607,0.9999,22.41686,7085-75,Y,Y,31.21867236,336132.779
7/30/14 23:08,211.9639,2014,7,30,23,8,0,0.569196047,0.9996,0,2297.8929,0.9998,21.70466,7085-75,Y,Y,29.77960863,330612.558
7/30/14 23:52,211.9944,2014,7,30,23,52,0,0.536911767,0.9992,0,2243.289,0.9996,21.17304,7085-75,Y,Y,28.0905364,322756.3455
7/31/14 0:36,212.0250,2014,7,31,0,36,0,0.515625868,0.9995,0,2220.4598,0.9999,20.87209,7085-75,Y,Y,26.97688544,319471.7624
7/31/14 1:21,212.0563,2014,7,31,1,21,0,0.49344929,0.9996,0,2160.0543,0.9997,20.68258,7085-75,Y,Y,25.81663525,310780.8365
7/31/14 2:05,212.0868,2014,7,31,2,5,0,0.480523525,0.9996,0,2158.457,0.9999,20.50472,7085-75,Y,Y,25.14037578,310551.0227
7/31/14 2:49,212.1174,2014,7,31,2,49,0,0.472788978,0.9994,0,2132.7481,0.9998,20.67569,7085-75,Y,Y,24.73571417,306852.1187
7/31/14 3:33,212.1479,2014,7,31,3,33,0,0.45806792,0.9996,0,2089.6286,0.9998,20.67084,7085-75,Y,Y,23.96552727,300648.2403
7/31/14 4:17,212.1785,2014,7,31,4,17,0,0.450188993,0.9994,0,2082.2907,0.9997,20.64017,7085-75,Y,Y,23.55331189,299592.4897
7/31/14 5:01,212.2090,2014,7,31,5,1,0,0.442633746,0.9992,0,2067.7735,0.9996,20.42442,7085-75,Y,Y,23.15803103,297503.8072
7/31/14 5:45,212.2396,2014,7,31,5,45,0,0.421462649,0.9989,0,2021.3186,0.9997,20.43881,7085-75,Y,Y,22.05038634,290820.0434
7/31/14 6:29,212.2701,2014,7,31,6,29,0,0.427785714,0.9993,0,2012.3786,0.9998,20.41209,7085-75,Y,Y,22.381201,289533.7884
7/31/14 7:13,212.3007,2014,7,31,7,13,0,0.43145124,0.9991,0,1975.379,0.9996,20.75555,7085-75,Y,Y,22.57297662,284210.4192
7/31/14 7:57,212.3313,2014,7,31,7,57,0,0.446446349,0.9993,0,1974.1004,0.9999,21.7149,7085-75,Y,Y,23.35750151,284026.4588
7/31/14 8:41,212.3618,2014,7,31,8,41,0,0.494550442,0.9995,0,2037.8291,0.9998,23.11397,7085-75,Y,Y,25.87424612,293195.5147
7/31/14 9:25,212.3924,2014,7,31,9,25,0,0.541589692,0.9988,0,2033.7891,0.9994,24.6221,7085-75,Y,Y,28.33527946,292614.2541
7/31/14 10:09,212.4229,2014,7,31,10,9,0,0.642313804,0.9996,0,2063.494,0.9997,26.47148,7085-75,Y,Y,33.60503606,296888.0881
7/31/14 10:53,212.4535,2014,7,31,10,53,0,0.691211496,0.9995,0,2078.6256,0.9997,27.9485,7085-75,Y,Y,36.16330073,299065.1683
7/31/14 11:37,212.4840,2014,7,31,11,37,0,0.741093407,0.9996,0,2129.9053,0.9993,29.11098,7085-75,Y,Y,38.77305848,306443.1069
7/31/14 12:21,212.5146,2014,7,31,12,21,0,0.862066315,0.9996,0,2184.9413,0.9992,30.00361,7085-75,Y,Y,45.10220615,314361.4885
7/31/14 13:05,212.5451,2014,7,31,13,5,0,1.001598923,0.9997,0,2278.6289,0.9995,30.70987,7085-75,Y,Y,52.40237359,327840.9231
7/31/14 13:49,212.5757,2014,7,31,13,49,0,0.947711695,0.9996,0,2294.8198,0.9995,31.52562,7085-75,Y,Y,49.58306279,330170.4115
7/31/14 14:33,212.6063,2014,7,31,14,33,0,0.986912647,0.9993,0,2467.6418,0.9992,32.30475,7085-75,Y,Y,51.63400643,355035.4187
7/31/14 15:17,212.6368,2014,7,31,15,17,0,0.97533727,0.9995,0,2574.2771,0.9992,32.30791,7085-75,Y,Y,51.02839756,370377.7218
7/31/14 16:01,212.6674,2014,7,31,16,1,0,0.892198471,0.9997,0,2610.2257,0.9996,30.78451,7085-75,Y,Y,46.67868196,375549.8769
7/31/14 16:45,212.6979,2014,7,31,16,45,0,0.838322407,0.9995,0,2519.5589,0.9995,30.25226,7085-75,Y,Y,43.85995528,362505.0641
7/28/14 18:51,209.7854,2014,7,28,18,51,0,1.59434147,0.9981,0,1448.6622,0.9913,29.77502,7085-165,Y,Y,83.41390494,208428.3022
7/28/14 19:35,209.8160,2014,7,28,19,35,0,1.435523815,0.9929,0,1383.4486,0.9926,29.16231,7085-165,Y,Y,75.10476854,199045.6042
7/28/14 20:19,209.8465,2014,7,28,20,19,0,1.339350331,0.9991,0,1408.1274,0.9911,28.63355,7085-165,Y,Y,70.07309494,202596.3011
7/28/14 21:03,209.8771,2014,7,28,21,3,0,1.473276335,0.9918,0,890.3413,0.9537,27.98681,7085-165,Y,Y,77.07993205,128099.101
7/28/14 21:47,209.9076,2014,7,28,21,47,0,1.208278962,0.9936,0,1381.8984,0.9821,27.66205,7085-165,Y,Y,63.21560869,198822.567
7/28/14 22:31,209.9382,2014,7,28,22,31,0,1.146451924,0.9918,0,1126.295,0.9771,27.13722,7085-165,Y,Y,59.98089718,162047.2699
7/28/14 23:15,209.9688,2014,7,28,23,15,0,1.012352673,0.9964,0,1140.8462,0.989,26.57529,7085-165,Y,Y,52.96499605,164140.8442
7/28/14 23:59,209.9993,2014,7,28,23,59,0,1.006540141,0.9969,0,1178.3273,0.9846,26.2482,7085-165,Y,Y,52.66089181,169533.4899
7/29/14 0:43,210.0299,2014,7,29,0,43,0,0.966774949,0.9974,0,1121.4557,0.9859,26.01563,7085-165,Y,Y,50.58042788,161351.0089
7/29/14 1:27,210.0604,2014,7,29,1,27,0,0.892436845,0.9968,0,1160.3637,0.9934,25.43718,7085-165,Y,Y,46.69115342,166948.9518
7/29/14 2:11,210.0910,2014,7,29,2,11,0,0.847074636,0.9986,0,1068.8293,0.9934,24.94386,7085-165,Y,Y,44.3178607,153779.3119
7/29/14 2:55,210.1215,2014,7,29,2,55,0,0.777247014,0.9985,0,970.8597,0.9872,24.01016,7085-165,Y,Y,40.66456891,139683.7985
7/29/14 3:39,210.1521,2014,7,29,3,39,0,0.723573333,0.9965,0,1035.8275,0.981,23.10614,7085-165,Y,Y,37.85643063,149031.1317
7/29/14 4:23,210.1826,2014,7,29,4,23,0,0.702981209,0.9973,0,1080.1584,0.9873,22.65674,7085-165,Y,Y,36.77907703,155409.302
7/29/14 5:07,210.2132,2014,7,29,5,7,0,0.686207146,0.9953,0,945.3471,0.9943,22.056,7085-165,Y,Y,35.90147953,136013.1375
7/29/14 5:51,210.2438,2014,7,29,5,51,0,0.622844005,0.9978,0,1060.0029,0.9941,21.55647,7085-165,Y,Y,32.58640108,152509.4012
7/29/14 6:35,210.2743,2014,7,29,6,35,0,0.541464399,0.9807,0,1077.4385,0.9958,21.85818,7085-165,Y,Y,28.3287243,155017.9726
7/29/14 7:19,210.3049,2014,7,29,7,19,0,0.607380489,0.9928,0,984.9405,0.9945,22.17845,7085-165,Y,Y,31.77736974,141709.6934
7/29/14 8:03,210.3354,2014,7,29,8,3,0,0.609781926,0.9963,0,961.0424,0.9943,22.74701,7085-165,Y,Y,31.90300984,138271.3208
7/29/14 8:48,210.3667,2014,7,29,8,48,0,0.577972656,0.9939,0,950.8845,0.9817,23.2429,7085-165,Y,Y,30.23878956,136809.8387
7/29/14 9:32,210.3972,2014,7,29,9,32,0,0.61856203,0.9934,0,1019.3814,0.9928,23.74002,7085-165,Y,Y,32.36237368,146664.9261
7/29/14 10:16,210.4278,2014,7,29,10,16,0,0.6207505,0.9971,0,1024.1949,0.9905,24.43206,7085-165,Y,Y,32.47687161,147357.4751
7/29/14 11:00,210.4583,2014,7,29,11,0,0,0.658370269,0.9985,0,999.7237,0.9808,25.27264,7085-165,Y,Y,34.44508974,143836.647
7/29/14 11:44,210.4889,2014,7,29,11,44,0,0.81600323,0.9884,0,1193.3343,0.9926,25.99032,7085-165,Y,Y,42.69224449,171692.6431
7/29/14 12:28,210.5194,2014,7,29,12,28,0,0.801676026,0.9962,0,1173.4423,0.9893,26.53505,7085-165,Y,Y,41.94266351,168830.6537
7/29/14 13:12,210.5500,2014,7,29,13,12,0,0.885481792,0.9969,0,1108.9684,0.9952,26.95504,7085-165,Y,Y,46.32727394,159554.3811
7/29/14 13:56,210.5806,2014,7,29,13,56,0,0.801901291,0.999,0,1160.2931,0.9938,26.90841,7085-165,Y,Y,41.95444912,166938.7942
7/29/14 14:40,210.6111,2014,7,29,14,40,0,0.860968852,0.9964,0,1317.4039,0.9929,26.64121,7085-165,Y,Y,45.0447883,189543.3305
7/29/14 15:24,210.6417,2014,7,29,15,24,0,0.738628714,0.9974,0,1240.7035,0.9897,27.02703,7085-165,Y,Y,38.64410885,178507.953
7/29/14 16:08,210.6722,2014,7,29,16,8,0,0.741097375,0.9974,0,1242.0166,0.9945,27.03439,7085-165,Y,Y,38.77326607,178696.8771
7/29/14 16:52,210.7028,2014,7,29,16,52,0,0.797089448,0.9964,0,1215.0493,0.9792,27.15545,7085-165,Y,Y,41.70269964,174816.9191
7/29/14 17:36,210.7333,2014,7,29,17,36,0,0.754035979,0.9917,0,1264.5009,0.9827,26.91635,7085-165,Y,Y,39.45019727,181931.8373
7/29/14 18:20,210.7639,2014,7,29,18,20,0,0.639843583,0.9958,0,1349.5596,0.987,26.60815,7085-165,Y,Y,33.47579726,194169.7768
7/29/14 19:04,210.7944,2014,7,29,19,4,0,0.597788612,0.9912,0,1134.5613,0.9744,25.94763,7085-165,Y,Y,31.27553502,163236.5954
7/29/14 19:48,210.8250,2014,7,29,19,48,0,0.581231106,0.997,0,1084.2512,0.9836,24.89429,7085-165,Y,Y,30.40926748,155998.1594
7/29/14 20:32,210.8556,2014,7,29,20,32,0,0.545868615,0.9954,0,1010.2683,0.9884,23.66702,7085-165,Y,Y,28.55914724,145353.766
7/29/14 21:16,210.8861,2014,7,29,21,16,0,0.468344564,0.9962,0,1049.9112,0.9979,22.60215,7085-165,Y,Y,24.50318811,151057.4438
7/29/14 22:00,210.9167,2014,7,29,22,0,0,0.471763777,0.9972,0,1106.4036,0.9982,21.48584,7085-165,Y,Y,24.68207698,159185.3669
7/29/14 22:44,210.9472,2014,7,29,22,44,0,0.439311374,0.9924,0,995.9407,0.9958,20.42407,7085-165,Y,Y,22.98420878,143292.3625
7/29/14 23:28,210.9778,2014,7,29,23,28,0,0.376820258,0.988,0,979.5224,0.9936,20.0513,7085-165,Y,Y,19.71475356,140930.1566
7/30/14 0:12,211.0083,2014,7,30,0,12,0,0.324590012,0.9777,0,1108.298,0.9935,19.76266,7085-165,Y,Y,16.98213397,159457.9264
7/30/14 0:56,211.0389,2014,7,30,0,56,0,0.387803438,0.9971,0,895.7426,0.9892,19.3379,7085-165,Y,Y,20.28937949,128876.2206
7/30/14 1:40,211.0694,2014,7,30,1,40,0,0.361716377,0.9837,0,901.985,0.9961,19.13041,7085-165,Y,Y,18.92453786,129774.3547
7/30/14 2:24,211.1000,2014,7,30,2,24,0,0.32927605,0.9889,0,925.7926,0.9994,19.04118,7085-165,Y,Y,17.22730145,133199.7064
7/30/14 3:08,211.1306,2014,7,30,3,8,0,0.300281645,0.9868,0,905.4278,0.9957,18.68774,7085-165,Y,Y,15.7103513,130269.6923
7/30/14 3:52,211.1611,2014,7,30,3,52,0,0.305633636,0.9914,0,882.6674,0.9972,18.2903,7085-165,Y,Y,15.99036064,126995.0079
7/30/14 4:36,211.1917,2014,7,30,4,36,0,0.302189096,0.9974,0,915.1699,0.9951,17.8216,7085-165,Y,Y,15.81014669,131671.3506
7/30/14 5:21,211.2229,2014,7,30,5,21,0,0.336478674,0.9889,0,777.836,0.9977,17.8116,7085-165,Y,Y,17.60413352,111912.2435
7/30/14 6:05,211.2535,2014,7,30,6,5,0,0.324224543,0.9944,0,816.1963,0.9946,17.6791,7085-165,Y,Y,16.96301306,117431.3853
7/30/14 6:49,211.2840,2014,7,30,6,49,0,0.256447418,0.9938,0,874.7548,0.9963,18.02372,7085-165,Y,Y,13.41700064,125856.5715
7/30/14 7:33,211.3146,2014,7,30,7,33,0,0.262143337,0.99,0,824.2759,0.9925,18.25185,7085-165,Y,Y,13.71500385,118593.8491
7/30/14 8:17,211.3451,2014,7,30,8,17,0,0.285253404,0.9752,0,745.6449,0.989,19.47741,7085-165,Y,Y,14.924093,107280.7039
7/30/14 9:01,211.3757,2014,7,30,9,1,0,0.305483239,0.9889,0,817.0456,0.9769,21.16403,7085-165,Y,Y,15.98249203,117553.5796
7/30/14 9:45,211.4063,2014,7,30,9,45,0,0.395424974,0.9875,0,659.4691,0.9852,23.09786,7085-165,Y,Y,20.68812848,94882.04002
7/30/14 10:29,211.4368,2014,7,30,10,29,0,0.38913995,0.9966,0,902.0673,0.957,24.58878,7085-165,Y,Y,20.35930406,129786.1957
7/30/14 11:13,211.4674,2014,7,30,11,13,0,0.440314037,0.9962,0,924.4818,0.9943,25.94261,7085-165,Y,Y,23.03666683,133011.1132
7/30/14 11:57,211.4979,2014,7,30,11,57,0,0.43797023,0.9963,0,1049.8407,0.9895,26.93424,7085-165,Y,Y,22.91404186,151047.3005
7/30/14 12:41,211.5285,2014,7,30,12,41,0,0.545546623,0.9981,0,1072.589,0.9988,27.73449,7085-165,Y,Y,28.54230101,154320.244
7/30/14 13:25,211.5590,2014,7,30,13,25,0,0.614662259,0.9974,0,1009.4156,0.9933,28.40267,7085-165,Y,Y,32.1583426,145231.0826
7/30/14 14:09,211.5896,2014,7,30,14,9,0,0.614495478,0.9945,0,1098.2557,0.9891,28.55231,7085-165,Y,Y,32.14961686,158013.0764
7/30/14 14:53,211.6201,2014,7,30,14,53,0,0.516738575,0.9972,0,1133.6169,0.9976,29.23072,7085-165,Y,Y,27.03510084,163100.7186
7/30/14 15:37,211.6507,2014,7,30,15,37,0,0.611961204,0.9902,0,1181.7144,0.9848,28.94449,7085-165,Y,Y,32.01702688,170020.8137
7/30/14 16:21,211.6813,2014,7,30,16,21,0,0.593745546,0.9982,0,1201.6884,0.9978,28.7572,7085-165,Y,Y,31.06400699,172894.6009
7/30/14 17:05,211.7118,2014,7,30,17,5,0,0.575790727,0.9969,0,1092.2007,0.9804,28.42055,7085-165,Y,Y,30.12463382,157141.9048
7/30/14 17:49,211.7424,2014,7,30,17,49,0,0.547041194,0.9855,0,1205.6092,0.9837,28.02516,7085-165,Y,Y,28.62049508,173458.7115
7/30/14 18:33,211.7729,2014,7,30,18,33,0,0.502027957,0.9944,0,1279.0431,0.9958,27.38072,7085-165,Y,Y,26.26546012,184024.1167
7/30/14 19:17,211.8035,2014,7,30,19,17,0,0.509794356,0.993,0,1117.8974,0.9837,26.7379,7085-165,Y,Y,26.67178819,160839.0535
7/30/14 20:01,211.8340,2014,7,30,20,1,0,0.404298649,0.9274,0,1365.1801,0.9642,25.77316,7085-165,Y,Y,21.15238781,196417.1981
7/30/14 20:45,211.8646,2014,7,30,20,45,0,0.404822249,0.9968,0,1161.6824,0.9967,24.4487,7085-165,Y,Y,21.17978192,167138.6817
7/30/14 21:29,211.8951,2014,7,30,21,29,0,0.382162348,0.9957,0,1033.1064,0.9933,23.55307,7085-165,Y,Y,19.99424488,148639.6296
7/30/14 22:13,211.9257,2014,7,30,22,13,0,0.36576254,0.9966,0,980.8727,0.9903,22.61701,7085-165,Y,Y,19.13622792,141124.4329
7/30/14 22:57,211.9563,2014,7,30,22,57,0,0.34237523,0.9954,0,927.9316,0.9952,21.91872,7085-165,Y,Y,17.9126338,133507.4581
7/30/14 23:41,211.9868,2014,7,30,23,41,0,0.326453708,0.9941,0,968.931,0.9977,21.40797,7085-165,Y,Y,17.07964012,139406.3041
7/31/14 0:25,212.0174,2014,7,31,0,25,0,0.32955182,0.9917,0,946.9772,0.9916,20.97096,7085-165,Y,Y,17.24172942,136247.6704
7/31/14 1:10,212.0486,2014,7,31,1,10,0,0.264754392,0.9898,0,1002.1699,0.9905,20.66664,7085-165,Y,Y,13.8516109,144188.5974
7/31/14 1:54,212.0792,2014,7,31,1,54,0,0.257836184,0.9921,0,1002.0385,0.9909,20.56152,7085-165,Y,Y,13.48965912,144169.692
7/31/14 2:38,212.1097,2014,7,31,2,38,0,0.212668022,0.9822,0,993.5565,0.9886,20.65163,7085-165,Y,Y,11.1265187,142949.3324
7/31/14 3:22,212.1403,2014,7,31,3,22,0,0.271560885,0.9923,0,944.8643,0.9909,20.62977,7085-165,Y,Y,14.20771789,135943.674
7/31/14 4:06,212.1708,2014,7,31,4,6,0,0.243695159,0.9799,0,845.8426,0.9954,20.7329,7085-165,Y,Y,12.74981881,121696.7883
7/31/14 4:50,212.2014,2014,7,31,4,50,0,0.267055494,0.9854,0,895.3663,0.9954,20.48286,7085-165,Y,Y,13.97200162,128822.0799
7/31/14 5:34,212.2319,2014,7,31,5,34,0,0.222459579,0.9922,0,859.7073,0.9926,20.42898,7085-165,Y,Y,11.63880042,123691.5914
7/31/14 6:18,212.2625,2014,7,31,6,18,0,0.268767354,0.9864,0,865.1179,0.994,20.21916,7085-165,Y,Y,14.06156392,124470.049
7/31/14 7:02,212.2931,2014,7,31,7,2,0,0.185479546,0.9811,0,981.4235,0.9951,20.73157,7085-165,Y,Y,9.704052449,141203.6801
7/31/14 7:46,212.3236,2014,7,31,7,46,0,0.313329619,0.9942,0,826.822,0.995,21.43585,7085-165,Y,Y,16.39300461,118960.1728
7/31/14 8:30,212.3542,2014,7,31,8,30,0,0.310235936,0.9892,0,922.1224,0.9768,22.75236,7085-165,Y,Y,16.23114707,132671.6513
7/31/14 9:14,212.3847,2014,7,31,9,14,0,0.26929841,0.983,0,941.1644,0.9597,24.23155,7085-165,Y,Y,14.08934813,135411.3457
7/31/14 9:58,212.4153,2014,7,31,9,58,0,0.329565366,0.9681,0,977.0636,0.9791,26.04336,7085-165,Y,Y,17.24243809,140576.3933
7/31/14 10:42,212.4458,2014,7,31,10,42,0,0.350395911,0.9903,0,1008.0815,0.9879,27.58382,7085-165,Y,Y,18.33226557,145039.1371
7/31/14 11:26,212.4764,2014,7,31,11,26,0,0.401674573,0.98,0,970.1979,0.9588,29.08044,7085-165,Y,Y,21.01509951,139588.5811
7/31/14 12:10,212.5069,2014,7,31,12,10,0,0.515871605,0.9879,0,1044.1969,0.9869,29.67364,7085-165,Y,Y,26.98974207,150235.2909
7/31/14 12:54,212.5375,2014,7,31,12,54,0,0.553003408,0.9938,0,1137.7032,0.9909,30.47481,7085-165,Y,Y,28.93243048,163688.6407
7/31/14 13:38,212.5681,2014,7,31,13,38,0,0.577591352,0.9893,0,1110.4998,0.992,31.28824,7085-165,Y,Y,30.21884021,159774.7134
7/31/14 14:22,212.5986,2014,7,31,14,22,0,0.571481502,0.9951,0,1210.8436,0.9947,32.21673,7085-165,Y,Y,29.89918071,174211.8181
7/31/14 15:06,212.6292,2014,7,31,15,6,0,0.65708712,0.9867,0,1159.4945,0.9744,32.81884,7085-165,Y,Y,34.37795703,166823.8945
7/31/14 15:50,212.6597,2014,7,31,15,50,0,0.57837491,0.9651,0,1126.4402,0.931,30.89866,7085-165,Y,Y,30.25983497,162068.1608
7/31/14 16:34,212.6903,2014,7,31,16,34,0,0.488266622,0.9937,0,1294.6282,0.9905,30.18928,7085-165,Y,Y,25.54548469,186266.4448
7/28/14 17:56,209.7472,2014,7,28,17,56,0,0.133372014,0.9924,0,3276.0277,0.9999,29.9744,7085-245,Y,Y,6.977853058,471343.0718
7/29/14 2:44,210.1139,2014,7,29,2,44,0,0.044137774,0.8554,0,1134.3704,0.9982,24.30771,7085-245,Y,Y,2.309231825,163209.1294
7/29/14 13:01,210.5424,2014,7,29,13,1,0,0.043665709,0.8952,0,1196.6425,0.9986,26.77188,7085-245,Y,Y,2.284534012,172168.615
7/29/14 19:37,210.8174,2014,7,29,19,37,0,0.093794432,0.8609,0,989.9867,0.9818,25.21145,7085-245,Y,Y,4.907204606,142435.7224
7/30/14 5:54,211.2458,2014,7,30,5,54,0,0.075564257,0.808,0,839.5756,0.9967,17.65022,7085-245,Y,Y,3.953425201,120795.1149
7/30/14 6:38,211.2764,2014,7,30,6,38,0,0.04377488,0.8554,0,905.3712,0.9985,17.94838,7085-245,Y,Y,2.290245694,130261.5489
7/30/14 13:58,211.5819,2014,7,30,13,58,0,0.072878424,0.8106,0,1120.9386,0.9943,28.7445,7085-245,Y,Y,3.812905855,161276.6104
7/30/14 21:18,211.8875,2014,7,30,21,18,0,0.059786838,0.885,0,1022.2935,0.9943,23.75397,7085-245,Y,Y,3.127970825,147083.9085
7/31/14 0:14,212.0097,2014,7,31,0,14,0,0.070556472,0.9175,0,1051.7662,0.9959,21.04135,7085-245,Y,Y,3.691424294,151324.3345
7/28/14 18:29,209.7701,2014,7,28,18,29,0,0.805253788,0.9966,0,157.7939,0.7978,29.9389,7098-75,Y,N,42.12984745,22702.81827
7/28/14 19:13,209.8007,2014,7,28,19,13,0,0.828076451,0.9849,0,130.3021,0.6704,29.44323,7098-75,Y,N,43.32389997,18747.39706
7/28/14 19:57,209.8313,2014,7,28,19,57,0,0.727256381,0.9939,0,291.3102,0.755,28.96092,7098-75,Y,N,38.04912299,41912.66286
7/28/14 20:41,209.8618,2014,7,28,20,41,0,0.780034402,0.9809,0,166.7646,0.6428,28.36745,7098-75,Y,N,40.81040146,23993.4903
7/28/14 21:25,209.8924,2014,7,28,21,25,0,0.755406457,0.9968,0,231.2619,0.9344,27.90299,7098-75,Y,Y,39.52189889,33273.12963
7/28/14 22:09,209.9229,2014,7,28,22,9,0,0.732974368,0.9924,0,117.9032,0.6716,27.37296,7098-75,Y,N,38.34828072,16963.48796
7/28/14 22:53,209.9535,2014,7,28,22,53,0,0.717592513,0.9966,0,148.4698,0.6445,26.82873,7098-75,Y,N,37.54352174,21361.30033
7/28/14 23:37,209.9840,2014,7,28,23,37,0,0.705869941,0.9965,0,148.3033,0.7614,26.37846,7098-75,Y,N,36.93021178,21337.34491
7/29/14 0:21,210.0146,2014,7,29,0,21,0,0.673069143,0.9914,0,159.4039,0.7629,26.14183,7098-75,Y,N,35.21411602,22934.45928
7/29/14 1:05,210.0451,2014,7,29,1,5,0,0.66876319,0.9972,0,211.8012,0.8828,25.81546,7098-75,Y,Y,34.98883409,30473.19417
7/29/14 1:49,210.0757,2014,7,29,1,49,0,0.696042736,0.9973,0,88.3153,0.5681,25.21557,7098-75,Y,N,36.41606502,12706.48743
7/29/14 2:33,210.1063,2014,7,29,2,33,0,0.693460773,0.9979,0,125.2784,0.4889,24.5733,7098-75,Y,N,36.28098002,18024.60519
7/29/14 3:17,210.1368,2014,7,29,3,17,0,0.671064061,0.9973,0,141.0252,0.7988,23.3801,7098-75,Y,N,35.10921271,20290.19809
7/29/14 4:01,210.1674,2014,7,29,4,1,0,0.676833154,0.9965,0,109.3943,0.6832,22.86324,7098-75,Y,N,35.41104425,15739.25806
7/29/14 4:45,210.1979,2014,7,29,4,45,0,0.679959669,0.9964,0,101.377,0.721,22.32935,7098-75,Y,N,35.57461951,14585.7578
7/29/14 5:29,210.2285,2014,7,29,5,29,0,0.660530355,0.9967,0,155.6087,0.8343,21.79922,7098-75,Y,Y,34.55810267,22388.41956
7/29/14 6:13,210.2590,2014,7,29,6,13,0,0.683160888,0.9957,0,58.4865,0.3636,21.59009,7098-75,Y,N,35.7421032,8414.827069
7/29/14 6:57,210.2896,2014,7,29,6,57,0,0.674098185,0.9973,0,159.3531,0.8766,21.77354,7098-75,Y,Y,35.26795421,22927.15036
7/29/14 7:41,210.3201,2014,7,29,7,41,0,0.65279059,0.9979,0,87.8964,0.8004,22.62848,7098-75,Y,Y,34.15316808,12646.2176
7/29/14 8:25,210.3507,2014,7,29,8,25,0,0.65732818,0.9914,0,122.0914,0.772,23.06148,7098-75,Y,N,34.39056902,17566.0711
7/29/14 9:10,210.3819,2014,7,29,9,10,0,0.657072027,0.9975,0,93.0678,0.6544,23.48314,7098-75,Y,N,34.37716741,13390.26002
7/29/14 9:54,210.4125,2014,7,29,9,54,0,0.616347903,0.9925,0,107.955,0.5378,24.03713,7098-75,Y,N,32.24653337,15532.17676
7/29/14 10:38,210.4431,2014,7,29,10,38,0,0.654299891,0.9899,0,69.5143,0.4267,24.90385,7098-75,Y,N,34.23213281,10001.46723
7/29/14 11:22,210.4736,2014,7,29,11,22,0,0.669963855,0.9939,0,116.7086,0.7055,25.69715,7098-75,Y,N,35.05165132,16791.61322
7/29/14 12:06,210.5042,2014,7,29,12,6,0,0.645961508,0.9974,0,152.6067,0.9457,26.24324,7098-75,Y,Y,33.79587928,21956.50261
7/29/14 12:50,210.5347,2014,7,29,12,50,0,0.708639569,0.9974,0,75.0681,0.7069,26.67312,7098-75,Y,N,37.07511518,10800.52798
7/29/14 13:34,210.5653,2014,7,29,13,34,0,0.659744716,0.9973,0,123.7433,0.8257,26.72244,7098-75,Y,Y,34.51699908,17803.74053
7/29/14 14:18,210.5958,2014,7,29,14,18,0,0.708568273,0.9993,0,107.723,0.8987,26.93447,7098-75,Y,Y,37.07138506,15498.79744
7/29/14 15:02,210.6264,2014,7,29,15,2,0,0.651511146,0.9969,0,126.3819,0.889,27.18961,7098-75,Y,Y,34.08622921,18183.3728
7/29/14 15:46,210.6569,2014,7,29,15,46,0,0.636374784,0.9973,0,53.393,0.3505,26.7382,7098-75,Y,N,33.29431411,7681.992625
7/29/14 16:30,210.6875,2014,7,29,16,30,0,0.690251735,0.9984,0,118.9188,0.4745,27.11947,7098-75,Y,N,36.11308726,17109.60884
7/29/14 17:14,210.7181,2014,7,29,17,14,0,0.707757727,0.9909,0,65.0497,0.3847,27.01711,7098-75,Y,N,37.02897836,9359.116657
7/29/14 17:58,210.7486,2014,7,29,17,58,0,0.65974353,0.9901,0,92.8224,0.519,26.78457,7098-75,Y,N,34.51693704,13354.95275
7/29/14 18:42,210.7792,2014,7,29,18,42,0,0.622967146,0.991,0,149.8962,0.7905,26.19781,7098-75,Y,N,32.59284369,21566.52563
7/29/14 19:26,210.8097,2014,7,29,19,26,0,0.59413921,0.995,0,246.0969,0.8031,25.4275,7098-75,Y,Y,31.08460294,35407.53602
7/29/14 20:10,210.8403,2014,7,29,20,10,0,0.672255794,0.9961,0,144.1135,0.765,24.24684,7098-75,Y,N,35.17156267,20734.53157
7/29/14 20:54,210.8708,2014,7,29,20,54,0,0.627685566,0.9966,0,106.6896,0.7602,23.06834,7098-75,Y,N,32.83970538,15350.11557
7/29/14 21:38,210.9014,2014,7,29,21,38,0,0.592815487,0.991,0,171.2215,0.9025,22.24283,7098-75,Y,Y,31.01534749,24634.73302
7/29/14 22:22,210.9319,2014,7,29,22,22,0,0.608467747,0.998,0,93.1047,0.7857,20.8706,7098-75,Y,N,31.8342537,13395.56906
7/29/14 23:06,210.9625,2014,7,29,23,6,0,0.588108125,0.997,0,127.8315,0.9034,20.36193,7098-75,Y,Y,30.76906435,18391.93603
7/29/14 23:50,210.9931,2014,7,29,23,50,0,0.590264796,0.9977,0,46.8026,0.4856,19.85231,7098-75,Y,N,30.88189859,6733.789599
7/30/14 0:34,211.0236,2014,7,30,0,34,0,0.578513096,0.9978,0,105.9021,0.909,19.73577,7098-75,Y,Y,30.26706468,15236.8129
7/30/14 1:18,211.0542,2014,7,30,1,18,0,0.585962468,0.9973,0,85.8756,0.7407,19.29126,7098-75,Y,N,30.65680627,12355.47218
7/30/14 2:02,211.0847,2014,7,30,2,2,0,0.576929556,0.9974,0,102.7168,0.9005,18.8579,7098-75,Y,Y,30.18421589,14778.5234
7/30/14 2:46,211.1153,2014,7,30,2,46,0,0.554150651,0.9957,0,151.2218,0.9507,18.78562,7098-75,Y,Y,28.99245275,21757.24819
7/30/14 3:30,211.1458,2014,7,30,3,30,0,0.560382332,0.9944,0,122.6058,0.812,18.32586,7098-75,Y,Y,29.31848632,17640.08112
7/30/14 4:14,211.1764,2014,7,30,4,14,0,0.557433221,0.9968,0,86.3068,0.8522,18.08206,7098-75,Y,Y,29.16419261,12417.51168
7/30/14 4:59,211.2076,2014,7,30,4,59,0,0.548705475,0.9982,0,71.954,0.7495,17.73699,7098-75,Y,N,28.70756811,10352.48249
7/30/14 5:43,211.2382,2014,7,30,5,43,0,0.575687921,0.9982,0,82.119,0.8097,17.78019,7098-75,Y,Y,30.11925514,11814.98609
7/30/14 6:27,211.2688,2014,7,30,6,27,0,0.549713433,0.998,0,89.2906,0.8003,17.89068,7098-75,Y,Y,28.76030317,12846.81008
7/30/14 7:11,211.2993,2014,7,30,7,11,0,0.549726667,0.9977,0,84.6867,0.4714,18.04494,7098-75,Y,N,28.76099557,12184.41752
7/30/14 7:55,211.3299,2014,7,30,7,55,0,0.537709844,0.9958,0,107.8004,0.8998,18.86744,7098-75,Y,Y,28.13229077,15509.93347
7/30/14 8:39,211.3604,2014,7,30,8,39,0,0.550930664,0.9847,0,123.4673,0.6879,20.25771,7098-75,Y,N,28.82398714,17764.03064
7/30/14 9:23,211.3910,2014,7,30,9,23,0,0.560593997,0.9953,0,76.3281,0.3957,22.10778,7098-75,Y,N,29.32956039,10981.81225
7/30/14 10:07,211.4215,2014,7,30,10,7,0,0.508143332,0.9926,0,88.7073,0.6429,23.82166,7098-75,Y,N,26.58540869,12762.88698
7/30/14 10:51,211.4521,2014,7,30,10,51,0,0.579601153,0.9972,0,40.7208,0.2421,25.12915,7098-75,Y,N,30.32399045,5858.762109
7/30/14 11:35,211.4826,2014,7,30,11,35,0,0.565283365,0.9929,0,151.2403,0.8969,26.45819,7098-75,Y,Y,29.57490211,21759.9099
7/30/14 12:19,211.5132,2014,7,30,12,19,0,0.583615424,0.9938,0,119.2555,0.7316,27.38662,7098-75,Y,N,30.53401198,17158.05202
7/30/14 13:03,211.5438,2014,7,30,13,3,0,0.53204521,0.9972,0,104.8241,0.8342,28.05271,7098-75,Y,Y,27.83592434,15081.71414
7/30/14 13:47,211.5743,2014,7,30,13,47,0,0.599991163,0.9964,0,92.5693,0.5656,28.81499,7098-75,Y,N,31.39076968,13318.53763
7/30/14 15:15,211.6354,2014,7,30,15,15,0,0.595105927,0.9931,0,106.8806,0.6851,28.70182,7098-75,Y,N,31.13518037,15377.59596
7/30/14 15:59,211.6660,2014,7,30,15,59,0,0.565625739,0.9946,0,101.9187,0.6497,28.98334,7098-75,Y,N,29.59281465,14663.69565
7/30/14 16:43,211.6965,2014,7,30,16,43,0,0.625693107,0.9952,0.0015,28.7897,0.1256,28.65552,7098-75,Y,N,32.73546248,4142.158393
7/30/14 17:27,211.7271,2014,7,30,17,27,0,0.571543857,0.9893,0,196.647,0.8373,28.31772,7098-75,Y,Y,29.90244304,28292.86243
7/30/14 18:11,211.7576,2014,7,30,18,11,0,0.60349992,0.9955,0,99.9716,0.3129,27.69556,7098-75,Y,N,31.57434334,14383.55391
7/30/14 18:55,211.7882,2014,7,30,18,55,0,0.587801614,0.9942,0,220.1686,0.7402,27.10845,7098-75,Y,N,30.75302805,31677.06556
7/30/14 19:39,211.8188,2014,7,30,19,39,0,0.623524943,0.9927,0,165.6906,0.4322,26.28611,7098-75,Y,N,32.62202692,23838.96704
7/30/14 20:23,211.8493,2014,7,30,20,23,0,0.562868475,0.9963,0,131.8186,0.8579,25.02531,7098-75,Y,Y,29.44855815,18965.58562
7/30/14 21:07,211.8799,2014,7,30,21,7,0,0.570404634,0.9974,0,91.7868,0.8304,23.94027,7098-75,Y,Y,29.84284034,13205.95435
7/30/14 21:51,211.9104,2014,7,30,21,51,0,0.547601341,0.998,0,165.5804,0.8619,23.10574,7098-75,Y,Y,28.64980124,23823.11186
7/30/14 22:35,211.9410,2014,7,30,22,35,0,0.528616262,0.9963,0,138.2993,0.8678,22.20712,7098-75,Y,Y,27.65652622,19898.00541
7/30/14 23:19,211.9715,2014,7,30,23,19,0,0.502721341,0.9918,0,165.6696,0.9208,21.53659,7098-75,Y,Y,26.3017371,23835.94564
7/31/14 0:03,212.0021,2014,7,31,0,3,0,0.541124361,0.998,0,87.0865,0.7312,21.18077,7098-75,Y,N,28.31093391,12529.69211
7/31/14 0:47,212.0326,2014,7,31,0,47,0,0.521861008,0.9965,0,170.2574,0.9394,20.7886,7098-75,Y,Y,27.30309995,24496.02179
7/31/14 1:32,212.0639,2014,7,31,1,32,0,0.531820771,0.996,0,61.555,0.4932,20.64705,7098-75,Y,N,27.824182,8856.311802
7/31/14 2:16,212.0944,2014,7,31,2,16,0,0.519618229,0.9966,0,143.8003,0.8251,20.65305,7098-75,Y,Y,27.18576065,20689.46948
7/31/14 3:00,212.1250,2014,7,31,3,0,0,0.529259521,0.9964,0,143.1375,0.8508,20.70672,7098-75,Y,Y,27.69018068,20594.10821
7/31/14 3:44,212.1556,2014,7,31,3,44,0,0.549232178,0.993,0,94.7473,0.7507,20.74277,7098-75,Y,N,28.73512455,13631.90043
7/31/14 4:28,212.1861,2014,7,31,4,28,0,0.512474914,0.9977,0,85.2867,0.6545,20.45392,7098-75,Y,N,26.81203153,12270.74336
7/31/14 5:12,212.2167,2014,7,31,5,12,0,0.522487854,0.996,0,170.6196,0.9486,20.26206,7098-75,Y,Y,27.33589573,24548.13382
7/31/14 5:56,212.2472,2014,7,31,5,56,0,0.500062644,0.9909,0,129.3127,0.8737,20.36161,7098-75,Y,Y,26.16263747,18605.04575
7/31/14 6:40,212.2778,2014,7,31,6,40,0,0.522964578,0.9953,0,102.3808,0.6732,20.49544,7098-75,Y,N,27.36083731,14730.18093
7/31/14 7:24,212.3083,2014,7,31,7,24,0,0.518415669,0.9917,0,92.4179,0.6762,20.90978,7098-75,Y,N,27.12284422,13296.75475
7/31/14 8:08,212.3389,2014,7,31,8,8,0,0.573128261,0.9855,0,130.5813,0.6971,22.01857,7098-75,Y,N,29.98533699,18787.56735
7/31/14 8:52,212.3694,2014,7,31,8,52,0,0.528241701,0.9931,0,126.345,0.6134,23.47918,7098-75,Y,N,27.63692963,18178.06376
7/31/14 9:36,212.4000,2014,7,31,9,36,0,0.52778089,0.9824,0,78.1665,0.2085,25.10187,7098-75,Y,N,27.61282061,11246.31462
7/31/14 10:20,212.4306,2014,7,31,10,20,0,0.527963373,0.9881,0,151.3035,0.6145,26.90973,7098-75,Y,N,27.62236787,21769.00289
7/31/14 11:04,212.4611,2014,7,31,11,4,0,0.549990206,0.989,0,65.0775,0.3028,28.28734,7098-75,Y,N,28.77478359,9363.116421
7/31/14 11:48,212.4917,2014,7,31,11,48,0,0.54372704,0.9938,0,72.1284,0.2569,28.86695,7098-75,Y,N,28.44710276,10377.57453
7/31/14 12:32,212.5222,2014,7,31,12,32,0,0.575310356,0.993,0,111.384,0.637,30.34693,7098-75,Y,N,30.09950143,16025.52894
7/31/14 13:16,212.5528,2014,7,31,13,16,0,0.546068996,0.9899,0,158.2795,0.7128,30.81372,7098-75,Y,N,28.56963089,22772.68465
7/31/14 14:00,212.5833,2014,7,31,14,0,0,0.611606498,0.9946,0.0312,16.3356,0.0589,31.73548,7098-75,Y,N,31.99846912,2350.30732
7/31/14 14:44,212.6139,2014,7,31,14,44,0,0.628426561,0.9943,0,106.1012,0.5619,32.43324,7098-75,Y,N,32.87847329,15265.45869
7/31/14 15:28,212.6444,2014,7,31,15,28,0,0.593264146,0.9888,0,246.331,0.7312,31.65547,7098-75,Y,N,31.03882073,35441.21749
7/31/14 16:12,212.6750,2014,7,31,16,12,0,0.624183158,0.9965,0,103.8621,0.4347,30.55728,7098-75,Y,N,32.65646386,14943.30504
7/31/14 16:56,212.7056,2014,7,31,16,56,0,0.631461969,0.9916,0,111.5204,0.4902,30.41455,7098-75,Y,N,33.03728197,16045.15368
7/28/14 18:40,209.7778,2014,7,28,18,40,0.0001,0.031545416,0.1792,0,1508.2991,0.9932,29.91241,7085-245,N,Y,1.650415785,217008.6446
7/28/14 19:24,209.8083,2014,7,28,19,24,0,0.040800545,0.2538,0,1524.9778,0.9697,29.28019,7085-245,N,Y,2.134632281,219408.3159
7/28/14 20:08,209.8389,2014,7,28,20,8,0,0.026864114,0.196,0,1524.5078,0.9966,28.78441,7085-245,N,Y,1.40549607,219340.694
7/28/14 20:52,209.8694,2014,7,28,20,52,0,0.032812877,0.3851,0,1564.7347,0.9906,28.21499,7085-245,N,Y,1.716727731,225128.3956
7/28/14 21:36,209.9000,2014,7,28,21,36,0.0905,0.007397916,0.0372,0,1415.6768,0.993,27.79323,7085-245,N,Y,0.387049487,203682.4815
7/28/14 22:20,209.9306,2014,7,28,22,20,0,0.027605256,0.4697,0,1327.9343,0.9942,27.25016,7085-245,N,Y,1.444271656,191058.4065
7/28/14 23:04,209.9611,2014,7,28,23,4,0.0104,0.029884135,0.0822,0,1318.4162,0.9971,26.71409,7085-245,N,Y,1.563499699,189688.9766
7/28/14 23:48,209.9917,2014,7,28,23,48,0,0.080630428,0.5472,0,1268.0276,0.9799,26.32665,7085-245,N,Y,4.218480762,182439.2462
7/29/14 0:32,210.0222,2014,7,29,0,32,0,-0.029765738,0.5027,0,1258.3443,0.994,26.09893,7085-245,N,Y,-1.557305296,181046.0478
7/29/14 1:16,210.0528,2014,7,29,1,16,0.0118,0.008300344,0.0796,0,1315.3537,0.9933,25.48616,7085-245,N,Y,0.434263387,189248.3551
7/29/14 2:00,210.0833,2014,7,29,2,0,0.006,0.010332354,0.094,0,1268.1106,0.9958,25.0385,7085-245,N,Y,0.540575511,182451.1879
7/29/14 3:28,210.1444,2014,7,29,3,28,0.2737,0.003190218,0.0157,0,1254.7721,0.9986,23.39036,7085-245,N,Y,0.166908107,180532.0926
7/29/14 4:12,210.1750,2014,7,29,4,12,0,0.014804259,0.228,0,1136.7409,0.9945,22.64653,7085-245,N,Y,0.774539885,163550.1884
7/29/14 4:56,210.2056,2014,7,29,4,56,0,0.06240783,0.786,0,1081.2326,0.9929,22.24659,7085-245,N,Y,3.265097768,155563.8541
7/29/14 5:40,210.2361,2014,7,29,5,40,0,0.052438615,0.6739,0,1091.5564,0.9958,21.67767,7085-245,N,Y,2.743521231,157049.2052
7/29/14 6:24,210.2667,2014,7,29,6,24,0,0.055560435,0.7346,0,1088.4947,0.9969,21.82195,7085-245,N,Y,2.906850848,156608.6989
7/29/14 7:08,210.2972,2014,7,29,7,8,0,0.05771925,0.6022,0,1030.4129,0.9896,21.92478,7085-245,N,Y,3.019797282,148252.0986
7/29/14 7:52,210.3278,2014,7,29,7,52,0,0.025233817,0.3225,0,1081.671,0.996,22.68783,7085-245,N,Y,1.32020101,155626.9295
7/29/14 8:37,210.3583,2014,7,29,8,36,0.0001,0.017382565,0.176,0,1035.2856,0.9913,23.17647,7085-245,N,Y,0.909433575,148953.1651
7/29/14 9:21,210.3896,2014,7,29,9,21,0.0199,-0.005712149,0.0692,0,1044.1034,0.9974,23.60341,7085-245,N,Y,-0.298852342,150221.8384
7/29/14 10:05,210.4201,2014,7,29,10,5,0,0.015648536,0.2002,0,1043.352,0.9915,24.27203,7085-245,N,Y,0.818711373,150113.7297
7/29/14 10:49,210.4507,2014,7,29,10,49,0.0297,0.003828096,0.0599,0,1057.5165,0.9902,25.06197,7085-245,N,Y,0.200281089,152151.667
7/29/14 11:33,210.4813,2014,7,29,11,33,0.0003,-0.011092315,0.1543,0,1295.1411,0.9928,25.88186,7085-245,N,Y,-0.580335707,186340.239
7/29/14 12:17,210.5118,2014,7,29,12,17,0,0.021815111,0.2882,0,1170.7575,0.9945,26.42128,7085-245,N,Y,1.141338703,168444.3744
7/29/14 13:45,210.5729,2014,7,29,13,45,0,0.032970979,0.5374,0,1108.7514,0.9945,26.90743,7085-245,N,Y,1.724999395,159523.1599
7/29/14 14:29,210.6035,2014,7,29,14,29,0.0006,0.009165765,0.1454,0,1216.0501,0.9949,26.76418,7085-245,N,Y,0.479541104,174960.9106
7/29/14 15:13,210.6340,2014,7,29,15,13,0.2728,0.002497792,0.0158,0,1220.6514,0.9955,27.07075,7085-245,N,Y,0.130681289,175622.9291
7/29/14 15:57,210.6646,2014,7,29,15,57,0.0003,0.01971398,0.1615,0,1224.5023,0.9849,26.93473,7085-245,N,Y,1.031410188,176176.9827
7/29/14 16:41,210.6951,2014,7,29,16,41,0.0002,0.019177752,0.1654,0,1261.8706,0.9973,27.14666,7085-245,N,Y,1.003355423,181553.3992
7/29/14 17:25,210.7257,2014,7,29,17,25,0,0.013442746,0.2839,0,1203.193,0.9884,27.03141,7085-245,N,Y,0.703307274,173111.0773
7/29/14 18:09,210.7563,2014,7,29,18,9,0,0.049961933,0.4477,0,1129.9567,0.9822,26.64467,7085-245,N,Y,2.613944361,162574.1022
7/29/14 18:53,210.7868,2014,7,29,18,53,0,0.066808415,0.5055,0,1178.1009,0.9865,26.06196,7085-245,N,Y,3.49533076,169500.9163
7/29/14 20:21,210.8479,2014,7,29,20,21,0.9806,-0.000102334,0,0,1211.3016,0.9937,23.92085,7085-245,N,Y,-0.005353982,174277.7135
7/29/14 21:05,210.8785,2014,7,29,21,5,0,0.05443066,0.761,0,1192.0104,0.9952,22.91104,7085-245,N,Y,2.847742468,171502.1651
7/29/14 21:49,210.9090,2014,7,29,21,49,0.0247,0.006745845,0.0638,0,1147.8113,0.9952,21.84255,7085-245,N,Y,0.352933963,165142.9577
7/29/14 22:33,210.9396,2014,7,29,22,33,0,0.025421668,0.7224,0,1084.5001,0.9984,20.60032,7085-245,N,Y,1.330029111,156033.9702
7/29/14 23:17,210.9701,2014,7,29,23,17,0.0244,-0.015089746,0.0641,0,1108.1503,0.9953,20.24913,7085-245,N,Y,-0.789476213,159436.6758
7/30/14 0:01,211.0007,2014,7,30,0,1,0,0.033961299,0.5018,0,986.4347,0.9927,19.84377,7085-245,N,Y,1.776811691,141924.6735
7/30/14 0:45,211.0313,2014,7,30,0,45,0,0.021040239,0.4972,0,963.2464,0.9954,19.50327,7085-245,N,Y,1.100798365,138588.4243
7/30/14 1:29,211.0618,2014,7,30,1,29,0.5515,0.002151563,0.0046,0,1097.775,0.9962,19.275,7085-245,N,Y,0.112567042,157943.915
7/30/14 2:13,211.0924,2014,7,30,2,13,0,0.034267925,0.4826,0,988.2022,0.9974,18.90115,7085-245,N,Y,1.792853975,142178.975
7/30/14 2:57,211.1229,2014,7,30,2,57,0,0.046539321,0.7775,0,925.3326,0.9956,18.65529,7085-245,N,Y,2.434877684,133133.5233
7/30/14 3:41,211.1535,2014,7,30,3,41,0.4425,-0.003844859,0.0077,0,959.5974,0.9948,18.41249,7085-245,N,Y,-0.201158122,138063.4194
7/30/14 4:25,211.1840,2014,7,30,4,25,0,0.027167899,0.5356,0,938.3118,0.9971,17.96483,7085-245,N,Y,1.421389689,135000.9239
7/30/14 5:10,211.2153,2014,7,30,5,10,0,0.010838878,0.2825,0,920.1369,0.9976,17.8901,7085-245,N,Y,0.567076233,132385.9847
7/30/14 7:22,211.3069,2014,7,30,7,22,0,-0.028855436,0.3237,0,887.4264,0.9954,18.22394,7085-245,N,Y,-1.509679455,127679.7157
7/30/14 8:06,211.3375,2014,7,30,8,6,0,-0.039821208,0.3204,0,972.2582,0.9941,19.21312,7085-245,N,Y,-2.083394643,139885.0097
7/30/14 8:50,211.3681,2014,7,30,8,50,0,0.037858549,0.5038,0,900.8962,0.9819,20.72863,7085-245,N,Y,1.980710842,129617.702
7/30/14 9:34,211.3986,2014,7,30,9,34,0.0001,0.01346299,0.1866,0,983.6098,0.9737,22.61916,7085-245,N,Y,0.704366424,141518.237
7/30/14 10:18,211.4292,2014,7,30,10,18,0,-0.083230901,0.689,0,977.5169,0.9922,24.1829,7085-245,N,Y,-4.354534221,140641.6125
7/30/14 11:02,211.4597,2014,7,30,11,2,0.3242,-0.00289625,0.0126,0,993.1002,0.9956,25.5091,7085-245,N,Y,-0.151528092,142883.6816
7/30/14 11:46,211.4903,2014,7,30,11,46,0,0.01330542,0.3316,0,1052.2282,0.9981,26.70497,7085-245,N,Y,0.696122562,151390.8054
7/30/14 12:30,211.5208,2014,7,30,12,30,0.8794,-0.000389037,0.0003,0,1061.5013,0.9904,27.61558,7085-245,N,Y,-0.020353942,152724.9856
7/30/14 13:14,211.5514,2014,7,30,13,14,0.0002,-0.012736912,0.1711,0,1105.5224,0.9939,28.3071,7085-245,N,Y,-0.666378932,159058.583
7/30/14 14:42,211.6125,2014,7,30,14,42,0.0074,0.029750024,0.0895,0,1116.5838,0.9955,28.99172,7085-245,N,Y,1.556483175,160650.0574
7/30/14 15:26,211.6431,2014,7,30,15,26,0,0.039657187,0.4788,0,1125.3581,0.9924,28.87874,7085-245,N,Y,2.074813237,161912.4721
7/30/14 16:10,211.6736,2014,7,30,16,10,0,0.041283603,0.64,0,1155.587,0.9961,28.75717,7085-245,N,Y,2.159905269,166261.6974
7/30/14 16:54,211.7042,2014,7,30,16,54,0,0.042800632,0.3723,0,1228.0302,0.9933,28.52411,7085-245,N,Y,2.239274291,176684.5643
7/30/14 17:38,211.7347,2014,7,30,17,38,0.5989,0.003230941,0.0036,0,1263.7723,0.9912,28.14945,7085-245,N,Y,0.16903872,181827.0089
7/30/14 18:22,211.7653,2014,7,30,18,22,0.2719,-0.005569632,0.0159,0,1385.9265,0.9853,27.53823,7085-245,N,Y,-0.291395993,199402.1155
7/30/14 19:06,211.7958,2014,7,30,19,6,0.0017,0.017070223,0.1218,0,1286.8712,0.9726,26.93523,7085-245,N,Y,0.893092227,185150.3955
7/30/14 19:50,211.8264,2014,7,30,19,50,0.0371,0.016856372,0.0552,0,986.5717,0.9625,26.01963,7085-245,N,Y,0.88190379,141944.3845
7/30/14 20:34,211.8569,2014,7,30,20,34,0,0.066218162,0.7475,0,1069.6595,0.9926,24.67164,7085-245,N,Y,3.464449461,153898.7581
7/30/14 22:02,211.9181,2014,7,30,22,2,0,0.022677189,0.5222,0,1144.7502,0.9949,22.86941,7085-245,N,Y,1.18644148,164702.5377
7/30/14 22:46,211.9486,2014,7,30,22,46,0.9974,-7.50681E-06,0,0,1125.3591,0.9956,22.07621,7085-245,N,Y,-0.000392747,161912.616
7/30/14 23:30,211.9792,2014,7,30,23,30,0,0.013750547,0.4443,0,1057.544,0.9983,21.4138,7085-245,N,Y,0.719411032,152155.6236
7/31/14 0:59,212.0403,2014,7,31,0,58,0,0.023389261,0.6487,0,935.6205,0.9954,20.71848,7085-245,N,Y,1.223696211,134613.7093
7/31/14 1:43,212.0715,2014,7,31,1,43,0,0.027403676,0.6043,0,953.9073,0.9934,20.57811,7085-245,N,Y,1.433725238,137244.7483
7/31/14 2:27,212.1021,2014,7,31,2,27,0,-0.021495825,0.3675,0,911.447,0.9922,20.7086,7085-245,N,Y,-1.124634042,131135.7132
7/31/14 3:11,212.1326,2014,7,31,3,11,0,0.015175104,0.266,0,945.0314,0.9973,20.62982,7085-245,N,Y,0.793942025,135967.7157
7/31/14 3:55,212.1632,2014,7,31,3,55,0,0.030732927,0.7407,0,958.9081,0.9982,20.76973,7085-245,N,Y,1.607907421,137964.2454
7/31/14 4:39,212.1938,2014,7,31,4,39,0,0.027937659,0.3417,0,964.2915,0.9854,20.39573,7085-245,N,Y,1.461662559,138738.7896
7/31/14 5:23,212.2243,2014,7,31,5,23,0,0.063569804,0.782,0,946.6381,0.9918,20.39444,7085-245,N,Y,3.325890776,136198.8819
7/31/14 6:07,212.2549,2014,7,31,6,7,0,0.029319921,0.5456,0,866.7983,0.9941,20.25511,7085-245,N,Y,1.533980763,124711.8189
7/31/14 6:51,212.2854,2014,7,31,6,51,0.001,-0.011594174,0.1322,0,972.259,0.9924,20.58412,7085-245,N,Y,-0.606592369,139885.1248
7/31/14 7:35,212.3160,2014,7,31,7,35,0.8144,0.000734304,0.0007,0,927.949,0.9953,21.11994,7085-245,N,Y,0.038417857,133509.9615
7/31/14 8:19,212.3465,2014,7,31,8,19,0,-0.04390833,0.5576,0,1047.4525,0.9856,22.36448,7085-245,N,Y,-2.297227635,150703.6949
7/31/14 9:03,212.3771,2014,7,31,9,3,0.9487,0.000242332,0.0001,0,841.369,0.9787,23.82693,7085-245,N,Y,0.012678515,121053.1428
7/31/14 9:47,212.4076,2014,7,31,9,47,0.8425,0.002043164,0.0005,0,1023.4689,0.9263,25.55176,7085-245,N,Y,0.106895717,147253.0208
7/31/14 10:31,212.4382,2014,7,31,10,31,0.0078,0.020437865,0.0895,0,983.3089,0.9658,27.29586,7085-245,N,Y,1.069282922,141474.9446
7/31/14 11:15,212.4688,2014,7,31,11,15,0,-0.03498111,0.4126,0,1133.4723,0.989,28.81893,7085-245,N,Y,-1.830166912,163079.914
7/31/14 11:59,212.4993,2014,7,31,11,59,0.0988,-0.004420908,0.035,0,1094.6827,0.9911,29.24806,7085-245,N,Y,-0.231296258,157499.006
7/31/14 12:43,212.5299,2014,7,31,12,43,0,0.028831149,0.4528,0,1015.0567,0.9853,30.25749,7085-245,N,Y,1.508408806,146042.7038
7/31/14 13:27,212.5604,2014,7,31,13,27,0,0.057224615,0.7033,0,1107.9606,0.9937,31.12094,7085-245,N,Y,2.993918611,159409.3825
7/31/14 14:11,212.5910,2014,7,31,14,11,0,0.014904168,0.3561,0,1171.5741,0.9975,32.01126,7085-245,N,Y,0.77976697,168561.8638
7/31/14 14:55,212.6215,2014,7,31,14,55,0,0.021740509,0.2575,0,1235.3057,0.9909,32.56437,7085-245,N,Y,1.137435617,177731.337
7/31/14 15:39,212.6521,2014,7,31,15,39,0,0.063346523,0.7833,0,1198.5023,0.9932,31.20354,7085-245,N,Y,3.314209009,172436.1963
7/31/14 16:23,212.6826,2014,7,31,16,23,0,0.055931851,0.4576,0,1299.3428,0.99,30.26134,7085-245,N,Y,2.926282838,186944.7644
7/31/14 17:07,212.7132,2014,7,31,17,7,0,0.025467208,0.2264,0,1230.079,0.9768,30.414,7085-245,N,Y,1.332411721,176979.3382
7/30/14 14:31,211.6049,2014,7,30,14,31,0,0.357428201,0.6261,0,140.9701,0.8957,28.75766,7098-75,N,Y,18.70018598,20282.2705
