DateTime,Julian,Year,Month,Date,Hour,Minute,CH4R,CO2R, InitialTemp,Chamber,CH4flag,CO2flag,Flux,Gas
18:17.1,209.7625,2014,7,28,18,18,0.9999,0.9999,29.90934,7085-75,Y,Y,469199.0544,CO2
02:19.3,209.7931,2014,7,28,19,2,0.9999,0.9999,29.62334,7085-75,Y,Y,460826.9011,CO2
46:21.4,209.8236,2014,7,28,19,46,0.9999,0.9999,29.06659,7085-75,Y,Y,448894.6845,CO2
30:23.6,209.8542,2014,7,28,20,30,0.9999,0.9997,28.52078,7085-75,Y,Y,437488.6383,CO2
14:25.8,209.8847,2014,7,28,21,14,0.9987,0.9988,27.96768,7085-75,Y,Y,427048.8948,CO2
58:28.0,209.9153,2014,7,28,21,58,0.9999,0.9998,27.50494,7085-75,Y,Y,404809.0996,CO2
42:30.2,209.9458,2014,7,28,22,42,0.9999,1,26.97576,7085-75,Y,Y,404747.9089,CO2
26:32.4,209.9764,2014,7,28,23,26,0.9998,0.9999,26.47899,7085-75,Y,Y,401288.5304,CO2
10:34.6,210.0069,2014,7,29,0,10,0.9998,0.9998,26.20461,7085-75,Y,Y,395068.6673,CO2
54:36.7,210.0375,2014,7,29,0,54,0.9998,0.9999,25.92164,7085-75,Y,Y,389682.6542,CO2
38:38.9,210.0681,2014,7,29,1,38,0.9999,0.9999,25.35972,7085-75,Y,Y,385339.4574,CO2
22:41.1,210.0986,2014,7,29,2,22,0.9999,0.9998,24.8222,7085-75,Y,Y,377623.0063,CO2
06:43.3,210.1292,2014,7,29,3,6,0.9999,0.9999,23.58328,7085-75,Y,Y,372439.2116,CO2
50:45.5,210.1597,2014,7,29,3,50,0.9998,0.9998,22.928,7085-75,Y,Y,364450.1148,CO2
34:47.7,210.1903,2014,7,29,4,34,0.9998,0.9999,22.47068,7085-75,Y,Y,360867.2327,CO2
18:49.8,210.2208,2014,7,29,5,18,0.9999,0.9999,22.07858,7085-75,Y,Y,352585.6496,CO2
02:52.0,210.2514,2014,7,29,6,2,0.9998,0.9999,21.51293,7085-75,Y,Y,344479.0346,CO2
46:54.2,210.2819,2014,7,29,6,46,0.9998,0.9999,21.68485,7085-75,Y,Y,339267.6011,CO2
30:56.4,210.3125,2014,7,29,7,30,0.9999,0.9999,22.44049,7085-75,Y,Y,336310.6678,CO2
14:58.6,210.3431,2014,7,29,8,14,0.9999,0.9999,22.85313,7085-75,Y,Y,334512.0257,CO2
59:00.8,210.3743,2014,7,29,8,59,0.9998,1,23.39983,7085-75,Y,Y,337473.8941,CO2
43:03.0,210.4049,2014,7,29,9,43,0.9999,0.9999,23.76462,7085-75,Y,Y,336272.3679,CO2
27:05.1,210.4354,2014,7,29,10,27,0.9998,0.9996,24.65914,7085-75,Y,Y,339122.8327,CO2
11:07.3,210.4660,2014,7,29,11,11,0.9999,0.9994,25.51037,7085-75,Y,Y,332262.4031,CO2
55:09.5,210.4965,2014,7,29,11,55,0.9996,0.9992,26.14545,7085-75,Y,Y,341473.7155,CO2
39:11.7,210.5271,2014,7,29,12,39,0.9988,0.9969,26.57811,7085-75,Y,Y,370940.2065,CO2
23:13.9,210.5576,2014,7,29,13,23,0.9993,0.9974,26.90959,7085-75,Y,Y,349792.6921,CO2
07:16.1,210.5882,2014,7,29,14,7,0.999,0.9976,27.05275,7085-75,Y,Y,400730.9518,CO2
51:18.2,210.6188,2014,7,29,14,51,0.9997,0.9996,26.60806,7085-75,Y,Y,376062.0769,CO2
35:20.4,210.6493,2014,7,29,15,35,0.998,0.9896,26.8365,7085-75,Y,Y,389601.4504,CO2
19:22.6,210.6799,2014,7,29,16,19,0.9996,0.9989,27.08971,7085-75,Y,Y,381337.2763,CO2
03:24.8,210.7104,2014,7,29,17,3,0.9989,0.9987,27.1639,7085-75,Y,Y,385965.0176,CO2
47:27.0,210.7410,2014,7,29,17,47,0.9994,0.9977,26.80186,7085-75,Y,Y,395758.0511,CO2
31:29.2,210.7715,2014,7,29,18,31,0.9988,0.9964,26.40977,7085-75,Y,Y,357206.197,CO2
15:31.4,210.8021,2014,7,29,19,15,0.9996,0.9992,25.6883,7085-75,Y,Y,375119.5138,CO2
59:33.5,210.8326,2014,7,29,19,59,0.9998,0.9998,24.57596,7085-75,Y,Y,376684.5437,CO2
43:35.7,210.8632,2014,7,29,20,43,0.9998,0.9999,23.37703,7085-75,Y,Y,369346.2431,CO2
27:37.9,210.8938,2014,7,29,21,27,0.9998,0.9998,22.39581,7085-75,Y,Y,364412.2177,CO2
11:40.1,210.9243,2014,7,29,22,11,0.9997,0.9998,21.24908,7085-75,Y,Y,354712.9341,CO2
55:42.3,210.9549,2014,7,29,22,55,0.9998,0.9999,20.28184,7085-75,Y,Y,345854.234,CO2
39:44.5,210.9854,2014,7,29,23,39,0.9997,0.9998,19.91164,7085-75,Y,Y,338980.1217,CO2
23:46.6,211.0160,2014,7,30,0,23,0.9996,0.9998,19.61214,7085-75,Y,Y,330249.8456,CO2
07:48.8,211.0465,2014,7,30,1,7,0.9997,0.9999,19.44012,7085-75,Y,Y,324833.4747,CO2
51:51.0,211.0771,2014,7,30,1,51,0.9997,0.9998,19.01062,7085-75,Y,Y,317319.5441,CO2
35:53.2,211.1076,2014,7,30,2,35,0.9996,0.9999,18.97088,7085-75,Y,Y,313085.9954,CO2
19:55.4,211.1382,2014,7,30,3,19,0.9995,0.9998,18.44938,7085-75,Y,Y,307719.4344,CO2
03:57.6,211.1688,2014,7,30,4,3,0.9995,0.9999,18.19891,7085-75,Y,Y,303111.1885,CO2
47:59.8,211.1993,2014,7,30,4,47,0.9995,0.9999,17.9046,7085-75,Y,Y,296900.7205,CO2
32:01.9,211.2306,2014,7,30,5,32,0.9996,0.9999,17.88725,7085-75,Y,Y,293317.896,CO2
16:04.1,211.2611,2014,7,30,6,16,0.9995,0.9998,17.7872,7085-75,Y,Y,288389.1365,CO2
00:06.3,211.2917,2014,7,30,7,0,0.9995,0.9999,17.95862,7085-75,Y,Y,284035.0338,CO2
44:08.5,211.3222,2014,7,30,7,44,0.9995,0.9999,18.52128,7085-75,Y,Y,281730.3497,CO2
28:10.7,211.3528,2014,7,30,8,28,0.9995,0.9999,19.85246,7085-75,Y,Y,280925.1598,CO2
12:12.9,211.3833,2014,7,30,9,12,0.9997,0.9999,21.66165,7085-75,Y,Y,284649.717,CO2
56:15.0,211.4139,2014,7,30,9,56,0.9989,0.9984,23.45937,7085-75,Y,Y,284134.3517,CO2
40:17.2,211.4444,2014,7,30,10,40,0.9997,1,24.80035,7085-75,Y,Y,294664.4784,CO2
24:19.4,211.4750,2014,7,30,11,24,0.9997,0.9996,26.27821,7085-75,Y,Y,299965.9928,CO2
08:21.6,211.5056,2014,7,30,12,8,0.9994,0.9992,27.15878,7085-75,Y,Y,304636.8682,CO2
52:23.8,211.5361,2014,7,30,12,52,0.9995,0.9994,27.91673,7085-75,Y,Y,304935.5988,CO2
36:26.0,211.5667,2014,7,30,13,36,0.9998,0.9994,28.58373,7085-75,Y,Y,327030.8558,CO2
20:28.2,211.5972,2014,7,30,14,20,0.9998,1,28.5432,7085-75,Y,Y,342996.5034,CO2
04:30.3,211.6278,2014,7,30,15,4,0.9998,0.9995,28.95021,7085-75,Y,Y,352454.7077,CO2
48:32.5,211.6583,2014,7,30,15,48,0.9998,0.9998,28.86974,7085-75,Y,Y,364424.4472,CO2
32:34.7,211.6889,2014,7,30,16,32,0.9999,0.9999,28.67871,7085-75,Y,Y,368760.7668,CO2
16:36.9,211.7194,2014,7,30,17,16,0.9999,0.9999,28.40734,7085-75,Y,Y,372482.2162,CO2
00:39.1,211.7500,2014,7,30,18,0,0.9998,0.9999,27.86645,7085-75,Y,Y,370212.2927,CO2
44:41.3,211.7806,2014,7,30,18,44,0.9997,0.9998,27.25134,7085-75,Y,Y,372976.1295,CO2
28:43.4,211.8111,2014,7,30,19,28,0.9995,0.9986,26.55916,7085-75,Y,Y,369248.0762,CO2
12:45.6,211.8417,2014,7,30,20,12,0.9981,0.9934,25.40231,7085-75,Y,Y,341602.2115,CO2
56:47.8,211.8722,2014,7,30,20,56,0.9998,0.9998,24.15956,7085-75,Y,Y,350030.2177,CO2
40:50.0,211.9028,2014,7,30,21,40,0.9996,0.9999,23.39903,7085-75,Y,Y,344318.785,CO2
24:52.2,211.9333,2014,7,30,22,24,0.9996,0.9999,22.41686,7085-75,Y,Y,336132.779,CO2
08:54.4,211.9639,2014,7,30,23,8,0.9996,0.9998,21.70466,7085-75,Y,Y,330612.558,CO2
52:56.6,211.9944,2014,7,30,23,52,0.9992,0.9996,21.17304,7085-75,Y,Y,322756.3455,CO2
36:58.7,212.0250,2014,7,31,0,36,0.9995,0.9999,20.87209,7085-75,Y,Y,319471.7624,CO2
21:00.9,212.0563,2014,7,31,1,21,0.9996,0.9997,20.68258,7085-75,Y,Y,310780.8365,CO2
05:03.1,212.0868,2014,7,31,2,5,0.9996,0.9999,20.50472,7085-75,Y,Y,310551.0227,CO2
49:05.3,212.1174,2014,7,31,2,49,0.9994,0.9998,20.67569,7085-75,Y,Y,306852.1187,CO2
33:07.5,212.1479,2014,7,31,3,33,0.9996,0.9998,20.67084,7085-75,Y,Y,300648.2403,CO2
17:09.7,212.1785,2014,7,31,4,17,0.9994,0.9997,20.64017,7085-75,Y,Y,299592.4897,CO2
01:11.8,212.2090,2014,7,31,5,1,0.9992,0.9996,20.42442,7085-75,Y,Y,297503.8072,CO2
45:14.0,212.2396,2014,7,31,5,45,0.9989,0.9997,20.43881,7085-75,Y,Y,290820.0434,CO2
29:16.2,212.2701,2014,7,31,6,29,0.9993,0.9998,20.41209,7085-75,Y,Y,289533.7884,CO2
13:18.4,212.3007,2014,7,31,7,13,0.9991,0.9996,20.75555,7085-75,Y,Y,284210.4192,CO2
57:20.6,212.3313,2014,7,31,7,57,0.9993,0.9999,21.7149,7085-75,Y,Y,284026.4588,CO2
41:22.8,212.3618,2014,7,31,8,41,0.9995,0.9998,23.11397,7085-75,Y,Y,293195.5147,CO2
25:25.0,212.3924,2014,7,31,9,25,0.9988,0.9994,24.6221,7085-75,Y,Y,292614.2541,CO2
09:27.1,212.4229,2014,7,31,10,9,0.9996,0.9997,26.47148,7085-75,Y,Y,296888.0881,CO2
53:29.3,212.4535,2014,7,31,10,53,0.9995,0.9997,27.9485,7085-75,Y,Y,299065.1683,CO2
37:31.5,212.4840,2014,7,31,11,37,0.9996,0.9993,29.11098,7085-75,Y,Y,306443.1069,CO2
21:33.7,212.5146,2014,7,31,12,21,0.9996,0.9992,30.00361,7085-75,Y,Y,314361.4885,CO2
05:35.9,212.5451,2014,7,31,13,5,0.9997,0.9995,30.70987,7085-75,Y,Y,327840.9231,CO2
49:38.1,212.5757,2014,7,31,13,49,0.9996,0.9995,31.52562,7085-75,Y,Y,330170.4115,CO2
33:40.2,212.6063,2014,7,31,14,33,0.9993,0.9992,32.30475,7085-75,Y,Y,355035.4187,CO2
17:42.4,212.6368,2014,7,31,15,17,0.9995,0.9992,32.30791,7085-75,Y,Y,370377.7218,CO2
01:44.6,212.6674,2014,7,31,16,1,0.9997,0.9996,30.78451,7085-75,Y,Y,375549.8769,CO2
45:46.8,212.6979,2014,7,31,16,45,0.9995,0.9995,30.25226,7085-75,Y,Y,362505.0641,CO2
51:18.7,209.7854,2014,7,28,18,51,0.9981,0.9913,29.77502,7085-165,Y,Y,208428.3022,CO2
35:20.9,209.8160,2014,7,28,19,35,0.9929,0.9926,29.16231,7085-165,Y,Y,199045.6042,CO2
19:23.1,209.8465,2014,7,28,20,19,0.9991,0.9911,28.63355,7085-165,Y,Y,202596.3011,CO2
03:25.3,209.8771,2014,7,28,21,3,0.9918,0.9537,27.98681,7085-165,Y,Y,128099.101,CO2
47:27.5,209.9076,2014,7,28,21,47,0.9936,0.9821,27.66205,7085-165,Y,Y,198822.567,CO2
31:29.6,209.9382,2014,7,28,22,31,0.9918,0.9771,27.13722,7085-165,Y,Y,162047.2699,CO2
15:31.8,209.9688,2014,7,28,23,15,0.9964,0.989,26.57529,7085-165,Y,Y,164140.8442,CO2
59:34.0,209.9993,2014,7,28,23,59,0.9969,0.9846,26.2482,7085-165,Y,Y,169533.4899,CO2
43:36.2,210.0299,2014,7,29,0,43,0.9974,0.9859,26.01563,7085-165,Y,Y,161351.0089,CO2
27:38.4,210.0604,2014,7,29,1,27,0.9968,0.9934,25.43718,7085-165,Y,Y,166948.9518,CO2
11:40.6,210.0910,2014,7,29,2,11,0.9986,0.9934,24.94386,7085-165,Y,Y,153779.3119,CO2
55:42.7,210.1215,2014,7,29,2,55,0.9985,0.9872,24.01016,7085-165,Y,Y,139683.7985,CO2
39:44.9,210.1521,2014,7,29,3,39,0.9965,0.981,23.10614,7085-165,Y,Y,149031.1317,CO2
23:47.1,210.1826,2014,7,29,4,23,0.9973,0.9873,22.65674,7085-165,Y,Y,155409.302,CO2
07:49.3,210.2132,2014,7,29,5,7,0.9953,0.9943,22.056,7085-165,Y,Y,136013.1375,CO2
51:51.5,210.2438,2014,7,29,5,51,0.9978,0.9941,21.55647,7085-165,Y,Y,152509.4012,CO2
35:53.7,210.2743,2014,7,29,6,35,0.9807,0.9958,21.85818,7085-165,Y,Y,155017.9726,CO2
19:55.9,210.3049,2014,7,29,7,19,0.9928,0.9945,22.17845,7085-165,Y,Y,141709.6934,CO2
03:58.0,210.3354,2014,7,29,8,3,0.9963,0.9943,22.74701,7085-165,Y,Y,138271.3208,CO2
48:00.2,210.3667,2014,7,29,8,48,0.9939,0.9817,23.2429,7085-165,Y,Y,136809.8387,CO2
32:02.4,210.3972,2014,7,29,9,32,0.9934,0.9928,23.74002,7085-165,Y,Y,146664.9261,CO2
16:04.6,210.4278,2014,7,29,10,16,0.9971,0.9905,24.43206,7085-165,Y,Y,147357.4751,CO2
00:06.8,210.4583,2014,7,29,11,0,0.9985,0.9808,25.27264,7085-165,Y,Y,143836.647,CO2
44:09.0,210.4889,2014,7,29,11,44,0.9884,0.9926,25.99032,7085-165,Y,Y,171692.6431,CO2
28:11.1,210.5194,2014,7,29,12,28,0.9962,0.9893,26.53505,7085-165,Y,Y,168830.6537,CO2
12:13.3,210.5500,2014,7,29,13,12,0.9969,0.9952,26.95504,7085-165,Y,Y,159554.3811,CO2
56:15.5,210.5806,2014,7,29,13,56,0.999,0.9938,26.90841,7085-165,Y,Y,166938.7942,CO2
40:17.7,210.6111,2014,7,29,14,40,0.9964,0.9929,26.64121,7085-165,Y,Y,189543.3305,CO2
24:19.9,210.6417,2014,7,29,15,24,0.9974,0.9897,27.02703,7085-165,Y,Y,178507.953,CO2
08:22.1,210.6722,2014,7,29,16,8,0.9974,0.9945,27.03439,7085-165,Y,Y,178696.8771,CO2
52:24.3,210.7028,2014,7,29,16,52,0.9964,0.9792,27.15545,7085-165,Y,Y,174816.9191,CO2
36:26.4,210.7333,2014,7,29,17,36,0.9917,0.9827,26.91635,7085-165,Y,Y,181931.8373,CO2
20:28.6,210.7639,2014,7,29,18,20,0.9958,0.987,26.60815,7085-165,Y,Y,194169.7768,CO2
04:30.8,210.7944,2014,7,29,19,4,0.9912,0.9744,25.94763,7085-165,Y,Y,163236.5954,CO2
48:33.0,210.8250,2014,7,29,19,48,0.997,0.9836,24.89429,7085-165,Y,Y,155998.1594,CO2
32:35.2,210.8556,2014,7,29,20,32,0.9954,0.9884,23.66702,7085-165,Y,Y,145353.766,CO2
16:37.4,210.8861,2014,7,29,21,16,0.9962,0.9979,22.60215,7085-165,Y,Y,151057.4438,CO2
00:39.5,210.9167,2014,7,29,22,0,0.9972,0.9982,21.48584,7085-165,Y,Y,159185.3669,CO2
44:41.7,210.9472,2014,7,29,22,44,0.9924,0.9958,20.42407,7085-165,Y,Y,143292.3625,CO2
28:43.9,210.9778,2014,7,29,23,28,0.988,0.9936,20.0513,7085-165,Y,Y,140930.1566,CO2
12:46.1,211.0083,2014,7,30,0,12,0.9777,0.9935,19.76266,7085-165,Y,Y,159457.9264,CO2
56:48.3,211.0389,2014,7,30,0,56,0.9971,0.9892,19.3379,7085-165,Y,Y,128876.2206,CO2
40:50.5,211.0694,2014,7,30,1,40,0.9837,0.9961,19.13041,7085-165,Y,Y,129774.3547,CO2
24:52.7,211.1000,2014,7,30,2,24,0.9889,0.9994,19.04118,7085-165,Y,Y,133199.7064,CO2
08:54.8,211.1306,2014,7,30,3,8,0.9868,0.9957,18.68774,7085-165,Y,Y,130269.6923,CO2
52:57.0,211.1611,2014,7,30,3,52,0.9914,0.9972,18.2903,7085-165,Y,Y,126995.0079,CO2
36:59.2,211.1917,2014,7,30,4,36,0.9974,0.9951,17.8216,7085-165,Y,Y,131671.3506,CO2
21:01.4,211.2229,2014,7,30,5,21,0.9889,0.9977,17.8116,7085-165,Y,Y,111912.2435,CO2
05:03.6,211.2535,2014,7,30,6,5,0.9944,0.9946,17.6791,7085-165,Y,Y,117431.3853,CO2
49:05.8,211.2840,2014,7,30,6,49,0.9938,0.9963,18.02372,7085-165,Y,Y,125856.5715,CO2
33:07.9,211.3146,2014,7,30,7,33,0.99,0.9925,18.25185,7085-165,Y,Y,118593.8491,CO2
17:10.1,211.3451,2014,7,30,8,17,0.9752,0.989,19.47741,7085-165,Y,Y,107280.7039,CO2
01:12.3,211.3757,2014,7,30,9,1,0.9889,0.9769,21.16403,7085-165,Y,Y,117553.5796,CO2
45:14.5,211.4063,2014,7,30,9,45,0.9875,0.9852,23.09786,7085-165,Y,Y,94882.04002,CO2
29:16.7,211.4368,2014,7,30,10,29,0.9966,0.957,24.58878,7085-165,Y,Y,129786.1957,CO2
13:18.9,211.4674,2014,7,30,11,13,0.9962,0.9943,25.94261,7085-165,Y,Y,133011.1132,CO2
57:21.1,211.4979,2014,7,30,11,57,0.9963,0.9895,26.93424,7085-165,Y,Y,151047.3005,CO2
41:23.2,211.5285,2014,7,30,12,41,0.9981,0.9988,27.73449,7085-165,Y,Y,154320.244,CO2
25:25.4,211.5590,2014,7,30,13,25,0.9974,0.9933,28.40267,7085-165,Y,Y,145231.0826,CO2
09:27.6,211.5896,2014,7,30,14,9,0.9945,0.9891,28.55231,7085-165,Y,Y,158013.0764,CO2
53:29.8,211.6201,2014,7,30,14,53,0.9972,0.9976,29.23072,7085-165,Y,Y,163100.7186,CO2
37:32.0,211.6507,2014,7,30,15,37,0.9902,0.9848,28.94449,7085-165,Y,Y,170020.8137,CO2
21:34.2,211.6813,2014,7,30,16,21,0.9982,0.9978,28.7572,7085-165,Y,Y,172894.6009,CO2
05:36.3,211.7118,2014,7,30,17,5,0.9969,0.9804,28.42055,7085-165,Y,Y,157141.9048,CO2
49:38.5,211.7424,2014,7,30,17,49,0.9855,0.9837,28.02516,7085-165,Y,Y,173458.7115,CO2
33:40.7,211.7729,2014,7,30,18,33,0.9944,0.9958,27.38072,7085-165,Y,Y,184024.1167,CO2
17:42.9,211.8035,2014,7,30,19,17,0.993,0.9837,26.7379,7085-165,Y,Y,160839.0535,CO2
01:45.1,211.8340,2014,7,30,20,1,0.9274,0.9642,25.77316,7085-165,Y,Y,196417.1981,CO2
45:47.3,211.8646,2014,7,30,20,45,0.9968,0.9967,24.4487,7085-165,Y,Y,167138.6817,CO2
29:49.5,211.8951,2014,7,30,21,29,0.9957,0.9933,23.55307,7085-165,Y,Y,148639.6296,CO2
13:51.6,211.9257,2014,7,30,22,13,0.9966,0.9903,22.61701,7085-165,Y,Y,141124.4329,CO2
57:53.8,211.9563,2014,7,30,22,57,0.9954,0.9952,21.91872,7085-165,Y,Y,133507.4581,CO2
41:56.0,211.9868,2014,7,30,23,41,0.9941,0.9977,21.40797,7085-165,Y,Y,139406.3041,CO2
25:58.2,212.0174,2014,7,31,0,25,0.9917,0.9916,20.97096,7085-165,Y,Y,136247.6704,CO2
10:00.4,212.0486,2014,7,31,1,10,0.9898,0.9905,20.66664,7085-165,Y,Y,144188.5974,CO2
54:02.6,212.0792,2014,7,31,1,54,0.9921,0.9909,20.56152,7085-165,Y,Y,144169.692,CO2
38:04.7,212.1097,2014,7,31,2,38,0.9822,0.9886,20.65163,7085-165,Y,Y,142949.3324,CO2
22:06.9,212.1403,2014,7,31,3,22,0.9923,0.9909,20.62977,7085-165,Y,Y,135943.674,CO2
06:09.1,212.1708,2014,7,31,4,6,0.9799,0.9954,20.7329,7085-165,Y,Y,121696.7883,CO2
50:11.3,212.2014,2014,7,31,4,50,0.9854,0.9954,20.48286,7085-165,Y,Y,128822.0799,CO2
34:13.5,212.2319,2014,7,31,5,34,0.9922,0.9926,20.42898,7085-165,Y,Y,123691.5914,CO2
18:15.7,212.2625,2014,7,31,6,18,0.9864,0.994,20.21916,7085-165,Y,Y,124470.049,CO2
02:17.9,212.2931,2014,7,31,7,2,0.9811,0.9951,20.73157,7085-165,Y,Y,141203.6801,CO2
46:20.0,212.3236,2014,7,31,7,46,0.9942,0.995,21.43585,7085-165,Y,Y,118960.1728,CO2
30:22.2,212.3542,2014,7,31,8,30,0.9892,0.9768,22.75236,7085-165,Y,Y,132671.6513,CO2
14:24.4,212.3847,2014,7,31,9,14,0.983,0.9597,24.23155,7085-165,Y,Y,135411.3457,CO2
58:26.6,212.4153,2014,7,31,9,58,0.9681,0.9791,26.04336,7085-165,Y,Y,140576.3933,CO2
42:28.8,212.4458,2014,7,31,10,42,0.9903,0.9879,27.58382,7085-165,Y,Y,145039.1371,CO2
26:31.0,212.4764,2014,7,31,11,26,0.98,0.9588,29.08044,7085-165,Y,Y,139588.5811,CO2
10:33.1,212.5069,2014,7,31,12,10,0.9879,0.9869,29.67364,7085-165,Y,Y,150235.2909,CO2
54:35.3,212.5375,2014,7,31,12,54,0.9938,0.9909,30.47481,7085-165,Y,Y,163688.6407,CO2
38:37.5,212.5681,2014,7,31,13,38,0.9893,0.992,31.28824,7085-165,Y,Y,159774.7134,CO2
22:39.7,212.5986,2014,7,31,14,22,0.9951,0.9947,32.21673,7085-165,Y,Y,174211.8181,CO2
06:41.9,212.6292,2014,7,31,15,6,0.9867,0.9744,32.81884,7085-165,Y,Y,166823.8945,CO2
50:44.1,212.6597,2014,7,31,15,50,0.9651,0.931,30.89866,7085-165,Y,Y,162068.1608,CO2
34:46.3,212.6903,2014,7,31,16,34,0.9937,0.9905,30.18928,7085-165,Y,Y,186266.4448,CO2
56:16.0,209.7472,2014,7,28,17,56,0.9924,0.9999,29.9744,7085-245,Y,Y,471343.0718,CO2
44:42.2,210.1139,2014,7,29,2,44,0.8554,0.9982,24.30771,7085-245,Y,Y,163209.1294,CO2
01:12.8,210.5424,2014,7,29,13,1,0.8952,0.9986,26.77188,7085-245,Y,Y,172168.615,CO2
37:32.4,210.8174,2014,7,29,19,37,0.8609,0.9818,25.21145,7085-245,Y,Y,142435.7224,CO2
54:03.0,211.2458,2014,7,30,5,54,0.808,0.9967,17.65022,7085-245,Y,Y,120795.1149,CO2
38:05.2,211.2764,2014,7,30,6,38,0.8554,0.9985,17.94838,7085-245,Y,Y,130261.5489,CO2
58:27.1,211.5819,2014,7,30,13,58,0.8106,0.9943,28.7445,7085-245,Y,Y,161276.6104,CO2
18:48.9,211.8875,2014,7,30,21,18,0.885,0.9943,23.75397,7085-245,Y,Y,147083.9085,CO2
14:57.6,212.0097,2014,7,31,0,14,0.9175,0.9959,21.04135,7085-245,Y,Y,151324.3345,CO2
29:17.6,209.7701,2014,7,28,18,29,0.9966,0.7978,29.9389,7098-75,Y,N,22702.81827,CO2
13:19.8,209.8007,2014,7,28,19,13,0.9849,0.6704,29.44323,7098-75,Y,N,18747.39706,CO2
57:22.0,209.8313,2014,7,28,19,57,0.9939,0.755,28.96092,7098-75,Y,N,41912.66286,CO2
41:24.2,209.8618,2014,7,28,20,41,0.9809,0.6428,28.36745,7098-75,Y,N,23993.4903,CO2
25:26.4,209.8924,2014,7,28,21,25,0.9968,0.9344,27.90299,7098-75,Y,Y,33273.12963,CO2
09:28.5,209.9229,2014,7,28,22,9,0.9924,0.6716,27.37296,7098-75,Y,N,16963.48796,CO2
53:30.7,209.9535,2014,7,28,22,53,0.9966,0.6445,26.82873,7098-75,Y,N,21361.30033,CO2
37:32.9,209.9840,2014,7,28,23,37,0.9965,0.7614,26.37846,7098-75,Y,N,21337.34491,CO2
21:35.1,210.0146,2014,7,29,0,21,0.9914,0.7629,26.14183,7098-75,Y,N,22934.45928,CO2
05:37.3,210.0451,2014,7,29,1,5,0.9972,0.8828,25.81546,7098-75,Y,Y,30473.19417,CO2
49:39.5,210.0757,2014,7,29,1,49,0.9973,0.5681,25.21557,7098-75,Y,N,12706.48743,CO2
33:41.7,210.1063,2014,7,29,2,33,0.9979,0.4889,24.5733,7098-75,Y,N,18024.60519,CO2
17:43.8,210.1368,2014,7,29,3,17,0.9973,0.7988,23.3801,7098-75,Y,N,20290.19809,CO2
01:46.0,210.1674,2014,7,29,4,1,0.9965,0.6832,22.86324,7098-75,Y,N,15739.25806,CO2
45:48.2,210.1979,2014,7,29,4,45,0.9964,0.721,22.32935,7098-75,Y,N,14585.7578,CO2
29:50.4,210.2285,2014,7,29,5,29,0.9967,0.8343,21.79922,7098-75,Y,Y,22388.41956,CO2
13:52.6,210.2590,2014,7,29,6,13,0.9957,0.3636,21.59009,7098-75,Y,N,8414.827069,CO2
57:54.8,210.2896,2014,7,29,6,57,0.9973,0.8766,21.77354,7098-75,Y,Y,22927.15036,CO2
41:56.9,210.3201,2014,7,29,7,41,0.9979,0.8004,22.62848,7098-75,Y,Y,12646.2176,CO2
25:59.1,210.3507,2014,7,29,8,25,0.9914,0.772,23.06148,7098-75,Y,N,17566.0711,CO2
10:01.3,210.3819,2014,7,29,9,10,0.9975,0.6544,23.48314,7098-75,Y,N,13390.26002,CO2
54:03.5,210.4125,2014,7,29,9,54,0.9925,0.5378,24.03713,7098-75,Y,N,15532.17676,CO2
38:05.7,210.4431,2014,7,29,10,38,0.9899,0.4267,24.90385,7098-75,Y,N,10001.46723,CO2
22:07.9,210.4736,2014,7,29,11,22,0.9939,0.7055,25.69715,7098-75,Y,N,16791.61322,CO2
06:10.1,210.5042,2014,7,29,12,6,0.9974,0.9457,26.24324,7098-75,Y,Y,21956.50261,CO2
50:12.2,210.5347,2014,7,29,12,50,0.9974,0.7069,26.67312,7098-75,Y,N,10800.52798,CO2
34:14.4,210.5653,2014,7,29,13,34,0.9973,0.8257,26.72244,7098-75,Y,Y,17803.74053,CO2
18:16.6,210.5958,2014,7,29,14,18,0.9993,0.8987,26.93447,7098-75,Y,Y,15498.79744,CO2
02:18.8,210.6264,2014,7,29,15,2,0.9969,0.889,27.18961,7098-75,Y,Y,18183.3728,CO2
46:21.0,210.6569,2014,7,29,15,46,0.9973,0.3505,26.7382,7098-75,Y,N,7681.992625,CO2
30:23.2,210.6875,2014,7,29,16,30,0.9984,0.4745,27.11947,7098-75,Y,N,17109.60884,CO2
14:25.3,210.7181,2014,7,29,17,14,0.9909,0.3847,27.01711,7098-75,Y,N,9359.116657,CO2
58:27.5,210.7486,2014,7,29,17,58,0.9901,0.519,26.78457,7098-75,Y,N,13354.95275,CO2
42:29.7,210.7792,2014,7,29,18,42,0.991,0.7905,26.19781,7098-75,Y,N,21566.52563,CO2
26:31.9,210.8097,2014,7,29,19,26,0.995,0.8031,25.4275,7098-75,Y,Y,35407.53602,CO2
10:34.1,210.8403,2014,7,29,20,10,0.9961,0.765,24.24684,7098-75,Y,N,20734.53157,CO2
54:36.3,210.8708,2014,7,29,20,54,0.9966,0.7602,23.06834,7098-75,Y,N,15350.11557,CO2
38:38.5,210.9014,2014,7,29,21,38,0.991,0.9025,22.24283,7098-75,Y,Y,24634.73302,CO2
22:40.6,210.9319,2014,7,29,22,22,0.998,0.7857,20.8706,7098-75,Y,N,13395.56906,CO2
06:42.8,210.9625,2014,7,29,23,6,0.997,0.9034,20.36193,7098-75,Y,Y,18391.93603,CO2
50:45.0,210.9931,2014,7,29,23,50,0.9977,0.4856,19.85231,7098-75,Y,N,6733.789599,CO2
34:47.2,211.0236,2014,7,30,0,34,0.9978,0.909,19.73577,7098-75,Y,Y,15236.8129,CO2
18:49.4,211.0542,2014,7,30,1,18,0.9973,0.7407,19.29126,7098-75,Y,N,12355.47218,CO2
02:51.6,211.0847,2014,7,30,2,2,0.9974,0.9005,18.8579,7098-75,Y,Y,14778.5234,CO2
46:53.7,211.1153,2014,7,30,2,46,0.9957,0.9507,18.78562,7098-75,Y,Y,21757.24819,CO2
30:55.9,211.1458,2014,7,30,3,30,0.9944,0.812,18.32586,7098-75,Y,Y,17640.08112,CO2
14:58.1,211.1764,2014,7,30,4,14,0.9968,0.8522,18.08206,7098-75,Y,Y,12417.51168,CO2
59:00.3,211.2076,2014,7,30,4,59,0.9982,0.7495,17.73699,7098-75,Y,N,10352.48249,CO2
43:02.5,211.2382,2014,7,30,5,43,0.9982,0.8097,17.78019,7098-75,Y,Y,11814.98609,CO2
27:04.7,211.2688,2014,7,30,6,27,0.998,0.8003,17.89068,7098-75,Y,Y,12846.81008,CO2
11:06.9,211.2993,2014,7,30,7,11,0.9977,0.4714,18.04494,7098-75,Y,N,12184.41752,CO2
55:09.0,211.3299,2014,7,30,7,55,0.9958,0.8998,18.86744,7098-75,Y,Y,15509.93347,CO2
39:11.2,211.3604,2014,7,30,8,39,0.9847,0.6879,20.25771,7098-75,Y,N,17764.03064,CO2
23:13.4,211.3910,2014,7,30,9,23,0.9953,0.3957,22.10778,7098-75,Y,N,10981.81225,CO2
07:15.6,211.4215,2014,7,30,10,7,0.9926,0.6429,23.82166,7098-75,Y,N,12762.88698,CO2
51:17.8,211.4521,2014,7,30,10,51,0.9972,0.2421,25.12915,7098-75,Y,N,5858.762109,CO2
35:20.0,211.4826,2014,7,30,11,35,0.9929,0.8969,26.45819,7098-75,Y,Y,21759.9099,CO2
19:22.1,211.5132,2014,7,30,12,19,0.9938,0.7316,27.38662,7098-75,Y,N,17158.05202,CO2
03:24.3,211.5438,2014,7,30,13,3,0.9972,0.8342,28.05271,7098-75,Y,Y,15081.71414,CO2
47:26.5,211.5743,2014,7,30,13,47,0.9964,0.5656,28.81499,7098-75,Y,N,13318.53763,CO2
15:30.9,211.6354,2014,7,30,15,15,0.9931,0.6851,28.70182,7098-75,Y,N,15377.59596,CO2
59:33.1,211.6660,2014,7,30,15,59,0.9946,0.6497,28.98334,7098-75,Y,N,14663.69565,CO2
43:35.3,211.6965,2014,7,30,16,43,0.9952,0.1256,28.65552,7098-75,Y,N,4142.158393,CO2
27:37.4,211.7271,2014,7,30,17,27,0.9893,0.8373,28.31772,7098-75,Y,Y,28292.86243,CO2
11:39.6,211.7576,2014,7,30,18,11,0.9955,0.3129,27.69556,7098-75,Y,N,14383.55391,CO2
55:41.8,211.7882,2014,7,30,18,55,0.9942,0.7402,27.10845,7098-75,Y,N,31677.06556,CO2
39:44.0,211.8188,2014,7,30,19,39,0.9927,0.4322,26.28611,7098-75,Y,N,23838.96704,CO2
23:46.2,211.8493,2014,7,30,20,23,0.9963,0.8579,25.02531,7098-75,Y,Y,18965.58562,CO2
07:48.4,211.8799,2014,7,30,21,7,0.9974,0.8304,23.94027,7098-75,Y,Y,13205.95435,CO2
51:50.5,211.9104,2014,7,30,21,51,0.998,0.8619,23.10574,7098-75,Y,Y,23823.11186,CO2
35:52.7,211.9410,2014,7,30,22,35,0.9963,0.8678,22.20712,7098-75,Y,Y,19898.00541,CO2
19:54.9,211.9715,2014,7,30,23,19,0.9918,0.9208,21.53659,7098-75,Y,Y,23835.94564,CO2
03:57.1,212.0021,2014,7,31,0,3,0.998,0.7312,21.18077,7098-75,Y,N,12529.69211,CO2
47:59.3,212.0326,2014,7,31,0,47,0.9965,0.9394,20.7886,7098-75,Y,Y,24496.02179,CO2
32:01.5,212.0639,2014,7,31,1,32,0.996,0.4932,20.64705,7098-75,Y,N,8856.311802,CO2
16:03.7,212.0944,2014,7,31,2,16,0.9966,0.8251,20.65305,7098-75,Y,Y,20689.46948,CO2
00:05.8,212.1250,2014,7,31,3,0,0.9964,0.8508,20.70672,7098-75,Y,Y,20594.10821,CO2
44:08.0,212.1556,2014,7,31,3,44,0.993,0.7507,20.74277,7098-75,Y,N,13631.90043,CO2
28:10.2,212.1861,2014,7,31,4,28,0.9977,0.6545,20.45392,7098-75,Y,N,12270.74336,CO2
12:12.4,212.2167,2014,7,31,5,12,0.996,0.9486,20.26206,7098-75,Y,Y,24548.13382,CO2
56:14.6,212.2472,2014,7,31,5,56,0.9909,0.8737,20.36161,7098-75,Y,Y,18605.04575,CO2
40:16.8,212.2778,2014,7,31,6,40,0.9953,0.6732,20.49544,7098-75,Y,N,14730.18093,CO2
24:18.9,212.3083,2014,7,31,7,24,0.9917,0.6762,20.90978,7098-75,Y,N,13296.75475,CO2
08:21.1,212.3389,2014,7,31,8,8,0.9855,0.6971,22.01857,7098-75,Y,N,18787.56735,CO2
52:23.3,212.3694,2014,7,31,8,52,0.9931,0.6134,23.47918,7098-75,Y,N,18178.06376,CO2
36:25.5,212.4000,2014,7,31,9,36,0.9824,0.2085,25.10187,7098-75,Y,N,11246.31462,CO2
20:27.7,212.4306,2014,7,31,10,20,0.9881,0.6145,26.90973,7098-75,Y,N,21769.00289,CO2
04:29.9,212.4611,2014,7,31,11,4,0.989,0.3028,28.28734,7098-75,Y,N,9363.116421,CO2
48:32.1,212.4917,2014,7,31,11,48,0.9938,0.2569,28.86695,7098-75,Y,N,10377.57453,CO2
32:34.2,212.5222,2014,7,31,12,32,0.993,0.637,30.34693,7098-75,Y,N,16025.52894,CO2
16:36.4,212.5528,2014,7,31,13,16,0.9899,0.7128,30.81372,7098-75,Y,N,22772.68465,CO2
00:38.6,212.5833,2014,7,31,14,0,0.9946,0.0589,31.73548,7098-75,Y,N,2350.30732,CO2
44:40.8,212.6139,2014,7,31,14,44,0.9943,0.5619,32.43324,7098-75,Y,N,15265.45869,CO2
28:43.0,212.6444,2014,7,31,15,28,0.9888,0.7312,31.65547,7098-75,Y,N,35441.21749,CO2
12:45.2,212.6750,2014,7,31,16,12,0.9965,0.4347,30.55728,7098-75,Y,N,14943.30504,CO2
56:47.3,212.7056,2014,7,31,16,56,0.9916,0.4902,30.41455,7098-75,Y,N,16045.15368,CO2
40:18.2,209.7778,2014,7,28,18,40,0.1792,0.9932,29.91241,7085-245,N,Y,217008.6446,CO2
24:20.4,209.8083,2014,7,28,19,24,0.2538,0.9697,29.28019,7085-245,N,Y,219408.3159,CO2
08:22.5,209.8389,2014,7,28,20,8,0.196,0.9966,28.78441,7085-245,N,Y,219340.694,CO2
52:24.7,209.8694,2014,7,28,20,52,0.3851,0.9906,28.21499,7085-245,N,Y,225128.3956,CO2
36:26.9,209.9000,2014,7,28,21,36,0.0372,0.993,27.79323,7085-245,N,Y,203682.4815,CO2
20:29.1,209.9306,2014,7,28,22,20,0.4697,0.9942,27.25016,7085-245,N,Y,191058.4065,CO2
04:31.3,209.9611,2014,7,28,23,4,0.0822,0.9971,26.71409,7085-245,N,Y,189688.9766,CO2
48:33.5,209.9917,2014,7,28,23,48,0.5472,0.9799,26.32665,7085-245,N,Y,182439.2462,CO2
32:35.6,210.0222,2014,7,29,0,32,0.5027,0.994,26.09893,7085-245,N,Y,181046.0478,CO2
16:37.8,210.0528,2014,7,29,1,16,0.0796,0.9933,25.48616,7085-245,N,Y,189248.3551,CO2
00:40.0,210.0833,2014,7,29,2,0,0.094,0.9958,25.0385,7085-245,N,Y,182451.1879,CO2
28:44.4,210.1444,2014,7,29,3,28,0.0157,0.9986,23.39036,7085-245,N,Y,180532.0926,CO2
12:46.6,210.1750,2014,7,29,4,12,0.228,0.9945,22.64653,7085-245,N,Y,163550.1884,CO2
56:48.8,210.2056,2014,7,29,4,56,0.786,0.9929,22.24659,7085-245,N,Y,155563.8541,CO2
40:50.9,210.2361,2014,7,29,5,40,0.6739,0.9958,21.67767,7085-245,N,Y,157049.2052,CO2
24:53.1,210.2667,2014,7,29,6,24,0.7346,0.9969,21.82195,7085-245,N,Y,156608.6989,CO2
08:55.3,210.2972,2014,7,29,7,8,0.6022,0.9896,21.92478,7085-245,N,Y,148252.0986,CO2
52:57.5,210.3278,2014,7,29,7,52,0.3225,0.996,22.68783,7085-245,N,Y,155626.9295,CO2
36:59.7,210.3583,2014,7,29,8,36,0.176,0.9913,23.17647,7085-245,N,Y,148953.1651,CO2
21:01.9,210.3896,2014,7,29,9,21,0.0692,0.9974,23.60341,7085-245,N,Y,150221.8384,CO2
05:04.0,210.4201,2014,7,29,10,5,0.2002,0.9915,24.27203,7085-245,N,Y,150113.7297,CO2
49:06.2,210.4507,2014,7,29,10,49,0.0599,0.9902,25.06197,7085-245,N,Y,152151.667,CO2
33:08.4,210.4813,2014,7,29,11,33,0.1543,0.9928,25.88186,7085-245,N,Y,186340.239,CO2
17:10.6,210.5118,2014,7,29,12,17,0.2882,0.9945,26.42128,7085-245,N,Y,168444.3744,CO2
45:15.0,210.5729,2014,7,29,13,45,0.5374,0.9945,26.90743,7085-245,N,Y,159523.1599,CO2
29:17.2,210.6035,2014,7,29,14,29,0.1454,0.9949,26.76418,7085-245,N,Y,174960.9106,CO2
13:19.3,210.6340,2014,7,29,15,13,0.0158,0.9955,27.07075,7085-245,N,Y,175622.9291,CO2
57:21.5,210.6646,2014,7,29,15,57,0.1615,0.9849,26.93473,7085-245,N,Y,176176.9827,CO2
41:23.7,210.6951,2014,7,29,16,41,0.1654,0.9973,27.14666,7085-245,N,Y,181553.3992,CO2
25:25.9,210.7257,2014,7,29,17,25,0.2839,0.9884,27.03141,7085-245,N,Y,173111.0773,CO2
09:28.1,210.7563,2014,7,29,18,9,0.4477,0.9822,26.64467,7085-245,N,Y,162574.1022,CO2
53:30.3,210.7868,2014,7,29,18,53,0.5055,0.9865,26.06196,7085-245,N,Y,169500.9163,CO2
21:34.6,210.8479,2014,7,29,20,21,0,0.9937,23.92085,7085-245,N,Y,174277.7135,CO2
05:36.8,210.8785,2014,7,29,21,5,0.761,0.9952,22.91104,7085-245,N,Y,171502.1651,CO2
49:39.0,210.9090,2014,7,29,21,49,0.0638,0.9952,21.84255,7085-245,N,Y,165142.9577,CO2
33:41.2,210.9396,2014,7,29,22,33,0.7224,0.9984,20.60032,7085-245,N,Y,156033.9702,CO2
17:43.4,210.9701,2014,7,29,23,17,0.0641,0.9953,20.24913,7085-245,N,Y,159436.6758,CO2
01:45.6,211.0007,2014,7,30,0,1,0.5018,0.9927,19.84377,7085-245,N,Y,141924.6735,CO2
45:47.7,211.0313,2014,7,30,0,45,0.4972,0.9954,19.50327,7085-245,N,Y,138588.4243,CO2
29:49.9,211.0618,2014,7,30,1,29,0.0046,0.9962,19.275,7085-245,N,Y,157943.915,CO2
13:52.1,211.0924,2014,7,30,2,13,0.4826,0.9974,18.90115,7085-245,N,Y,142178.975,CO2
57:54.3,211.1229,2014,7,30,2,57,0.7775,0.9956,18.65529,7085-245,N,Y,133133.5233,CO2
41:56.5,211.1535,2014,7,30,3,41,0.0077,0.9948,18.41249,7085-245,N,Y,138063.4194,CO2
25:58.7,211.1840,2014,7,30,4,25,0.5356,0.9971,17.96483,7085-245,N,Y,135000.9239,CO2
10:00.8,211.2153,2014,7,30,5,10,0.2825,0.9976,17.8901,7085-245,N,Y,132385.9847,CO2
22:07.4,211.3069,2014,7,30,7,22,0.3237,0.9954,18.22394,7085-245,N,Y,127679.7157,CO2
06:09.6,211.3375,2014,7,30,8,6,0.3204,0.9941,19.21312,7085-245,N,Y,139885.0097,CO2
50:11.8,211.3681,2014,7,30,8,50,0.5038,0.9819,20.72863,7085-245,N,Y,129617.702,CO2
34:14.0,211.3986,2014,7,30,9,34,0.1866,0.9737,22.61916,7085-245,N,Y,141518.237,CO2
18:16.1,211.4292,2014,7,30,10,18,0.689,0.9922,24.1829,7085-245,N,Y,140641.6125,CO2
02:18.3,211.4597,2014,7,30,11,2,0.0126,0.9956,25.5091,7085-245,N,Y,142883.6816,CO2
46:20.5,211.4903,2014,7,30,11,46,0.3316,0.9981,26.70497,7085-245,N,Y,151390.8054,CO2
30:22.7,211.5208,2014,7,30,12,30,0.0003,0.9904,27.61558,7085-245,N,Y,152724.9856,CO2
14:24.9,211.5514,2014,7,30,13,14,0.1711,0.9939,28.3071,7085-245,N,Y,159058.583,CO2
42:29.2,211.6125,2014,7,30,14,42,0.0895,0.9955,28.99172,7085-245,N,Y,160650.0574,CO2
26:31.4,211.6431,2014,7,30,15,26,0.4788,0.9924,28.87874,7085-245,N,Y,161912.4721,CO2
10:33.6,211.6736,2014,7,30,16,10,0.64,0.9961,28.75717,7085-245,N,Y,166261.6974,CO2
54:35.8,211.7042,2014,7,30,16,54,0.3723,0.9933,28.52411,7085-245,N,Y,176684.5643,CO2
38:38.0,211.7347,2014,7,30,17,38,0.0036,0.9912,28.14945,7085-245,N,Y,181827.0089,CO2
22:40.2,211.7653,2014,7,30,18,22,0.0159,0.9853,27.53823,7085-245,N,Y,199402.1155,CO2
06:42.4,211.7958,2014,7,30,19,6,0.1218,0.9726,26.93523,7085-245,N,Y,185150.3955,CO2
50:44.5,211.8264,2014,7,30,19,50,0.0552,0.9625,26.01963,7085-245,N,Y,141944.3845,CO2
34:46.7,211.8569,2014,7,30,20,34,0.7475,0.9926,24.67164,7085-245,N,Y,153898.7581,CO2
02:51.1,211.9181,2014,7,30,22,2,0.5222,0.9949,22.86941,7085-245,N,Y,164702.5377,CO2
46:53.3,211.9486,2014,7,30,22,46,0,0.9956,22.07621,7085-245,N,Y,161912.616,CO2
30:55.5,211.9792,2014,7,30,23,30,0.4443,0.9983,21.4138,7085-245,N,Y,152155.6236,CO2
58:59.8,212.0403,2014,7,31,0,58,0.6487,0.9954,20.71848,7085-245,N,Y,134613.7093,CO2
43:02.0,212.0715,2014,7,31,1,43,0.6043,0.9934,20.57811,7085-245,N,Y,137244.7483,CO2
27:04.2,212.1021,2014,7,31,2,27,0.3675,0.9922,20.7086,7085-245,N,Y,131135.7132,CO2
11:06.4,212.1326,2014,7,31,3,11,0.266,0.9973,20.62982,7085-245,N,Y,135967.7157,CO2
55:08.6,212.1632,2014,7,31,3,55,0.7407,0.9982,20.76973,7085-245,N,Y,137964.2454,CO2
39:10.8,212.1938,2014,7,31,4,39,0.3417,0.9854,20.39573,7085-245,N,Y,138738.7896,CO2
23:12.9,212.2243,2014,7,31,5,23,0.782,0.9918,20.39444,7085-245,N,Y,136198.8819,CO2
07:15.1,212.2549,2014,7,31,6,7,0.5456,0.9941,20.25511,7085-245,N,Y,124711.8189,CO2
51:17.3,212.2854,2014,7,31,6,51,0.1322,0.9924,20.58412,7085-245,N,Y,139885.1248,CO2
35:19.5,212.3160,2014,7,31,7,35,0.0007,0.9953,21.11994,7085-245,N,Y,133509.9615,CO2
19:21.7,212.3465,2014,7,31,8,19,0.5576,0.9856,22.36448,7085-245,N,Y,150703.6949,CO2
03:23.9,212.3771,2014,7,31,9,3,0.0001,0.9787,23.82693,7085-245,N,Y,121053.1428,CO2
47:26.0,212.4076,2014,7,31,9,47,0.0005,0.9263,25.55176,7085-245,N,Y,147253.0208,CO2
31:28.2,212.4382,2014,7,31,10,31,0.0895,0.9658,27.29586,7085-245,N,Y,141474.9446,CO2
15:30.4,212.4688,2014,7,31,11,15,0.4126,0.989,28.81893,7085-245,N,Y,163079.914,CO2
59:32.6,212.4993,2014,7,31,11,59,0.035,0.9911,29.24806,7085-245,N,Y,157499.006,CO2
43:34.8,212.5299,2014,7,31,12,43,0.4528,0.9853,30.25749,7085-245,N,Y,146042.7038,CO2
27:37.0,212.5604,2014,7,31,13,27,0.7033,0.9937,31.12094,7085-245,N,Y,159409.3825,CO2
11:39.2,212.5910,2014,7,31,14,11,0.3561,0.9975,32.01126,7085-245,N,Y,168561.8638,CO2
55:41.3,212.6215,2014,7,31,14,55,0.2575,0.9909,32.56437,7085-245,N,Y,177731.337,CO2
39:43.5,212.6521,2014,7,31,15,39,0.7833,0.9932,31.20354,7085-245,N,Y,172436.1963,CO2
23:45.7,212.6826,2014,7,31,16,23,0.4576,0.99,30.26134,7085-245,N,Y,186944.7644,CO2
07:47.9,212.7132,2014,7,31,17,7,0.2264,0.9768,30.414,7085-245,N,Y,176979.3382,CO2
31:28.7,211.6049,2014,7,30,14,31,0.6261,0.8957,28.75766,7098-75,N,Y,20282.2705,CO2
18:17.1,209.7625,2014,7,28,18,18,0.9999,0.9999,29.90934,7085-75,Y,Y,154.3753985,CH4
02:19.3,209.7931,2014,7,28,19,2,0.9999,0.9999,29.62334,7085-75,Y,Y,143.2632319,CH4
46:21.4,209.8236,2014,7,28,19,46,0.9999,0.9999,29.06659,7085-75,Y,Y,130.9185983,CH4
30:23.6,209.8542,2014,7,28,20,30,0.9999,0.9997,28.52078,7085-75,Y,Y,121.212905,CH4
14:25.8,209.8847,2014,7,28,21,14,0.9987,0.9988,27.96768,7085-75,Y,Y,111.2394804,CH4
58:28.0,209.9153,2014,7,28,21,58,0.9999,0.9998,27.50494,7085-75,Y,Y,105.2200023,CH4
42:30.2,209.9458,2014,7,28,22,42,0.9999,1,26.97576,7085-75,Y,Y,99.47040436,CH4
26:32.4,209.9764,2014,7,28,23,26,0.9998,0.9999,26.47899,7085-75,Y,Y,93.73968547,CH4
10:34.6,210.0069,2014,7,29,0,10,0.9998,0.9998,26.20461,7085-75,Y,Y,90.32883757,CH4
54:36.7,210.0375,2014,7,29,0,54,0.9998,0.9999,25.92164,7085-75,Y,Y,85.742133,CH4
38:38.9,210.0681,2014,7,29,1,38,0.9999,0.9999,25.35972,7085-75,Y,Y,81.52501472,CH4
22:41.1,210.0986,2014,7,29,2,22,0.9999,0.9998,24.8222,7085-75,Y,Y,76.0573935,CH4
06:43.3,210.1292,2014,7,29,3,6,0.9999,0.9999,23.58328,7085-75,Y,Y,71.60661918,CH4
50:45.5,210.1597,2014,7,29,3,50,0.9998,0.9998,22.928,7085-75,Y,Y,67.03345911,CH4
34:47.7,210.1903,2014,7,29,4,34,0.9998,0.9999,22.47068,7085-75,Y,Y,63.62501618,CH4
18:49.8,210.2208,2014,7,29,5,18,0.9999,0.9999,22.07858,7085-75,Y,Y,59.56454757,CH4
02:52.0,210.2514,2014,7,29,6,2,0.9998,0.9999,21.51293,7085-75,Y,Y,57.60027928,CH4
46:54.2,210.2819,2014,7,29,6,46,0.9998,0.9999,21.68485,7085-75,Y,Y,55.68330889,CH4
30:56.4,210.3125,2014,7,29,7,30,0.9999,0.9999,22.44049,7085-75,Y,Y,55.40635377,CH4
14:58.6,210.3431,2014,7,29,8,14,0.9999,0.9999,22.85313,7085-75,Y,Y,56.47299208,CH4
59:00.8,210.3743,2014,7,29,8,59,0.9998,1,23.39983,7085-75,Y,Y,57.49070957,CH4
43:03.0,210.4049,2014,7,29,9,43,0.9999,0.9999,23.76462,7085-75,Y,Y,58.14720499,CH4
27:05.1,210.4354,2014,7,29,10,27,0.9998,0.9996,24.65914,7085-75,Y,Y,60.3165728,CH4
11:07.3,210.4660,2014,7,29,11,11,0.9999,0.9994,25.51037,7085-75,Y,Y,62.43186599,CH4
55:09.5,210.4965,2014,7,29,11,55,0.9996,0.9992,26.14545,7085-75,Y,Y,65.13183221,CH4
39:11.7,210.5271,2014,7,29,12,39,0.9988,0.9969,26.57811,7085-75,Y,Y,77.68126428,CH4
23:13.9,210.5576,2014,7,29,13,23,0.9993,0.9974,26.90959,7085-75,Y,Y,74.02785979,CH4
07:16.1,210.5882,2014,7,29,14,7,0.999,0.9976,27.05275,7085-75,Y,Y,73.59501265,CH4
51:18.2,210.6188,2014,7,29,14,51,0.9997,0.9996,26.60806,7085-75,Y,Y,68.91203521,CH4
35:20.4,210.6493,2014,7,29,15,35,0.998,0.9896,26.8365,7085-75,Y,Y,66.54556514,CH4
19:22.6,210.6799,2014,7,29,16,19,0.9996,0.9989,27.08971,7085-75,Y,Y,65.40910339,CH4
03:24.8,210.7104,2014,7,29,17,3,0.9989,0.9987,27.1639,7085-75,Y,Y,64.0988835,CH4
47:27.0,210.7410,2014,7,29,17,47,0.9994,0.9977,26.80186,7085-75,Y,Y,63.14776718,CH4
31:29.2,210.7715,2014,7,29,18,31,0.9988,0.9964,26.40977,7085-75,Y,Y,56.90006748,CH4
15:31.4,210.8021,2014,7,29,19,15,0.9996,0.9992,25.6883,7085-75,Y,Y,56.74236548,CH4
59:33.5,210.8326,2014,7,29,19,59,0.9998,0.9998,24.57596,7085-75,Y,Y,53.69205904,CH4
43:35.7,210.8632,2014,7,29,20,43,0.9998,0.9999,23.37703,7085-75,Y,Y,48.70059669,CH4
27:37.9,210.8938,2014,7,29,21,27,0.9998,0.9998,22.39581,7085-75,Y,Y,44.74647882,CH4
11:40.1,210.9243,2014,7,29,22,11,0.9997,0.9998,21.24908,7085-75,Y,Y,41.63863059,CH4
55:42.3,210.9549,2014,7,29,22,55,0.9998,0.9999,20.28184,7085-75,Y,Y,38.63426552,CH4
39:44.5,210.9854,2014,7,29,23,39,0.9997,0.9998,19.91164,7085-75,Y,Y,36.47289179,CH4
23:46.6,211.0160,2014,7,30,0,23,0.9996,0.9998,19.61214,7085-75,Y,Y,34.87986793,CH4
07:48.8,211.0465,2014,7,30,1,7,0.9997,0.9999,19.44012,7085-75,Y,Y,33.16263178,CH4
51:51.0,211.0771,2014,7,30,1,51,0.9997,0.9998,19.01062,7085-75,Y,Y,32.08049231,CH4
35:53.2,211.1076,2014,7,30,2,35,0.9996,0.9999,18.97088,7085-75,Y,Y,30.15802513,CH4
19:55.4,211.1382,2014,7,30,3,19,0.9995,0.9998,18.44938,7085-75,Y,Y,29.63097599,CH4
03:57.6,211.1688,2014,7,30,4,3,0.9995,0.9999,18.19891,7085-75,Y,Y,28.60500584,CH4
47:59.8,211.1993,2014,7,30,4,47,0.9995,0.9999,17.9046,7085-75,Y,Y,27.22157176,CH4
32:01.9,211.2306,2014,7,30,5,32,0.9996,0.9999,17.88725,7085-75,Y,Y,26.08585907,CH4
16:04.1,211.2611,2014,7,30,6,16,0.9995,0.9998,17.7872,7085-75,Y,Y,25.50498368,CH4
00:06.3,211.2917,2014,7,30,7,0,0.9995,0.9999,17.95862,7085-75,Y,Y,25.18070588,CH4
44:08.5,211.3222,2014,7,30,7,44,0.9995,0.9999,18.52128,7085-75,Y,Y,26.19328744,CH4
28:10.7,211.3528,2014,7,30,8,28,0.9995,0.9999,19.85246,7085-75,Y,Y,28.15788974,CH4
12:12.9,211.3833,2014,7,30,9,12,0.9997,0.9999,21.66165,7085-75,Y,Y,30.45090672,CH4
56:15.0,211.4139,2014,7,30,9,56,0.9989,0.9984,23.45937,7085-75,Y,Y,34.22467869,CH4
40:17.2,211.4444,2014,7,30,10,40,0.9997,1,24.80035,7085-75,Y,Y,38.22935751,CH4
24:19.4,211.4750,2014,7,30,11,24,0.9997,0.9996,26.27821,7085-75,Y,Y,41.3398875,CH4
08:21.6,211.5056,2014,7,30,12,8,0.9994,0.9992,27.15878,7085-75,Y,Y,45.50820506,CH4
52:23.8,211.5361,2014,7,30,12,52,0.9995,0.9994,27.91673,7085-75,Y,Y,49.72795218,CH4
36:26.0,211.5667,2014,7,30,13,36,0.9998,0.9994,28.58373,7085-75,Y,Y,52.38354961,CH4
20:28.2,211.5972,2014,7,30,14,20,0.9998,1,28.5432,7085-75,Y,Y,51.09875637,CH4
04:30.3,211.6278,2014,7,30,15,4,0.9998,0.9995,28.95021,7085-75,Y,Y,52.1798732,CH4
48:32.5,211.6583,2014,7,30,15,48,0.9998,0.9998,28.86974,7085-75,Y,Y,52.00941118,CH4
32:34.7,211.6889,2014,7,30,16,32,0.9999,0.9999,28.67871,7085-75,Y,Y,51.48074717,CH4
16:36.9,211.7194,2014,7,30,17,16,0.9999,0.9999,28.40734,7085-75,Y,Y,50.00753871,CH4
00:39.1,211.7500,2014,7,30,18,0,0.9998,0.9999,27.86645,7085-75,Y,Y,48.60486498,CH4
44:41.3,211.7806,2014,7,30,18,44,0.9997,0.9998,27.25134,7085-75,Y,Y,45.58085641,CH4
28:43.4,211.8111,2014,7,30,19,28,0.9995,0.9986,26.55916,7085-75,Y,Y,43.00100318,CH4
12:45.6,211.8417,2014,7,30,20,12,0.9981,0.9934,25.40231,7085-75,Y,Y,38.67442872,CH4
56:47.8,211.8722,2014,7,30,20,56,0.9998,0.9998,24.15956,7085-75,Y,Y,36.19863355,CH4
40:50.0,211.9028,2014,7,30,21,40,0.9996,0.9999,23.39903,7085-75,Y,Y,33.51796995,CH4
24:52.2,211.9333,2014,7,30,22,24,0.9996,0.9999,22.41686,7085-75,Y,Y,31.21867236,CH4
08:54.4,211.9639,2014,7,30,23,8,0.9996,0.9998,21.70466,7085-75,Y,Y,29.77960863,CH4
52:56.6,211.9944,2014,7,30,23,52,0.9992,0.9996,21.17304,7085-75,Y,Y,28.0905364,CH4
36:58.7,212.0250,2014,7,31,0,36,0.9995,0.9999,20.87209,7085-75,Y,Y,26.97688544,CH4
21:00.9,212.0563,2014,7,31,1,21,0.9996,0.9997,20.68258,7085-75,Y,Y,25.81663525,CH4
05:03.1,212.0868,2014,7,31,2,5,0.9996,0.9999,20.50472,7085-75,Y,Y,25.14037578,CH4
49:05.3,212.1174,2014,7,31,2,49,0.9994,0.9998,20.67569,7085-75,Y,Y,24.73571417,CH4
33:07.5,212.1479,2014,7,31,3,33,0.9996,0.9998,20.67084,7085-75,Y,Y,23.96552727,CH4
17:09.7,212.1785,2014,7,31,4,17,0.9994,0.9997,20.64017,7085-75,Y,Y,23.55331189,CH4
01:11.8,212.2090,2014,7,31,5,1,0.9992,0.9996,20.42442,7085-75,Y,Y,23.15803103,CH4
45:14.0,212.2396,2014,7,31,5,45,0.9989,0.9997,20.43881,7085-75,Y,Y,22.05038634,CH4
29:16.2,212.2701,2014,7,31,6,29,0.9993,0.9998,20.41209,7085-75,Y,Y,22.381201,CH4
13:18.4,212.3007,2014,7,31,7,13,0.9991,0.9996,20.75555,7085-75,Y,Y,22.57297662,CH4
57:20.6,212.3313,2014,7,31,7,57,0.9993,0.9999,21.7149,7085-75,Y,Y,23.35750151,CH4
41:22.8,212.3618,2014,7,31,8,41,0.9995,0.9998,23.11397,7085-75,Y,Y,25.87424612,CH4
25:25.0,212.3924,2014,7,31,9,25,0.9988,0.9994,24.6221,7085-75,Y,Y,28.33527946,CH4
09:27.1,212.4229,2014,7,31,10,9,0.9996,0.9997,26.47148,7085-75,Y,Y,33.60503606,CH4
53:29.3,212.4535,2014,7,31,10,53,0.9995,0.9997,27.9485,7085-75,Y,Y,36.16330073,CH4
37:31.5,212.4840,2014,7,31,11,37,0.9996,0.9993,29.11098,7085-75,Y,Y,38.77305848,CH4
21:33.7,212.5146,2014,7,31,12,21,0.9996,0.9992,30.00361,7085-75,Y,Y,45.10220615,CH4
05:35.9,212.5451,2014,7,31,13,5,0.9997,0.9995,30.70987,7085-75,Y,Y,52.40237359,CH4
49:38.1,212.5757,2014,7,31,13,49,0.9996,0.9995,31.52562,7085-75,Y,Y,49.58306279,CH4
33:40.2,212.6063,2014,7,31,14,33,0.9993,0.9992,32.30475,7085-75,Y,Y,51.63400643,CH4
17:42.4,212.6368,2014,7,31,15,17,0.9995,0.9992,32.30791,7085-75,Y,Y,51.02839756,CH4
01:44.6,212.6674,2014,7,31,16,1,0.9997,0.9996,30.78451,7085-75,Y,Y,46.67868196,CH4
45:46.8,212.6979,2014,7,31,16,45,0.9995,0.9995,30.25226,7085-75,Y,Y,43.85995528,CH4
51:18.7,209.7854,2014,7,28,18,51,0.9981,0.9913,29.77502,7085-165,Y,Y,83.41390494,CH4
35:20.9,209.8160,2014,7,28,19,35,0.9929,0.9926,29.16231,7085-165,Y,Y,75.10476854,CH4
19:23.1,209.8465,2014,7,28,20,19,0.9991,0.9911,28.63355,7085-165,Y,Y,70.07309494,CH4
03:25.3,209.8771,2014,7,28,21,3,0.9918,0.9537,27.98681,7085-165,Y,Y,77.07993205,CH4
47:27.5,209.9076,2014,7,28,21,47,0.9936,0.9821,27.66205,7085-165,Y,Y,63.21560869,CH4
31:29.6,209.9382,2014,7,28,22,31,0.9918,0.9771,27.13722,7085-165,Y,Y,59.98089718,CH4
15:31.8,209.9688,2014,7,28,23,15,0.9964,0.989,26.57529,7085-165,Y,Y,52.96499605,CH4
59:34.0,209.9993,2014,7,28,23,59,0.9969,0.9846,26.2482,7085-165,Y,Y,52.66089181,CH4
43:36.2,210.0299,2014,7,29,0,43,0.9974,0.9859,26.01563,7085-165,Y,Y,50.58042788,CH4
27:38.4,210.0604,2014,7,29,1,27,0.9968,0.9934,25.43718,7085-165,Y,Y,46.69115342,CH4
11:40.6,210.0910,2014,7,29,2,11,0.9986,0.9934,24.94386,7085-165,Y,Y,44.3178607,CH4
55:42.7,210.1215,2014,7,29,2,55,0.9985,0.9872,24.01016,7085-165,Y,Y,40.66456891,CH4
39:44.9,210.1521,2014,7,29,3,39,0.9965,0.981,23.10614,7085-165,Y,Y,37.85643063,CH4
23:47.1,210.1826,2014,7,29,4,23,0.9973,0.9873,22.65674,7085-165,Y,Y,36.77907703,CH4
07:49.3,210.2132,2014,7,29,5,7,0.9953,0.9943,22.056,7085-165,Y,Y,35.90147953,CH4
51:51.5,210.2438,2014,7,29,5,51,0.9978,0.9941,21.55647,7085-165,Y,Y,32.58640108,CH4
35:53.7,210.2743,2014,7,29,6,35,0.9807,0.9958,21.85818,7085-165,Y,Y,28.3287243,CH4
19:55.9,210.3049,2014,7,29,7,19,0.9928,0.9945,22.17845,7085-165,Y,Y,31.77736974,CH4
03:58.0,210.3354,2014,7,29,8,3,0.9963,0.9943,22.74701,7085-165,Y,Y,31.90300984,CH4
48:00.2,210.3667,2014,7,29,8,48,0.9939,0.9817,23.2429,7085-165,Y,Y,30.23878956,CH4
32:02.4,210.3972,2014,7,29,9,32,0.9934,0.9928,23.74002,7085-165,Y,Y,32.36237368,CH4
16:04.6,210.4278,2014,7,29,10,16,0.9971,0.9905,24.43206,7085-165,Y,Y,32.47687161,CH4
00:06.8,210.4583,2014,7,29,11,0,0.9985,0.9808,25.27264,7085-165,Y,Y,34.44508974,CH4
44:09.0,210.4889,2014,7,29,11,44,0.9884,0.9926,25.99032,7085-165,Y,Y,42.69224449,CH4
28:11.1,210.5194,2014,7,29,12,28,0.9962,0.9893,26.53505,7085-165,Y,Y,41.94266351,CH4
12:13.3,210.5500,2014,7,29,13,12,0.9969,0.9952,26.95504,7085-165,Y,Y,46.32727394,CH4
56:15.5,210.5806,2014,7,29,13,56,0.999,0.9938,26.90841,7085-165,Y,Y,41.95444912,CH4
40:17.7,210.6111,2014,7,29,14,40,0.9964,0.9929,26.64121,7085-165,Y,Y,45.0447883,CH4
24:19.9,210.6417,2014,7,29,15,24,0.9974,0.9897,27.02703,7085-165,Y,Y,38.64410885,CH4
08:22.1,210.6722,2014,7,29,16,8,0.9974,0.9945,27.03439,7085-165,Y,Y,38.77326607,CH4
52:24.3,210.7028,2014,7,29,16,52,0.9964,0.9792,27.15545,7085-165,Y,Y,41.70269964,CH4
36:26.4,210.7333,2014,7,29,17,36,0.9917,0.9827,26.91635,7085-165,Y,Y,39.45019727,CH4
20:28.6,210.7639,2014,7,29,18,20,0.9958,0.987,26.60815,7085-165,Y,Y,33.47579726,CH4
04:30.8,210.7944,2014,7,29,19,4,0.9912,0.9744,25.94763,7085-165,Y,Y,31.27553502,CH4
48:33.0,210.8250,2014,7,29,19,48,0.997,0.9836,24.89429,7085-165,Y,Y,30.40926748,CH4
32:35.2,210.8556,2014,7,29,20,32,0.9954,0.9884,23.66702,7085-165,Y,Y,28.55914724,CH4
16:37.4,210.8861,2014,7,29,21,16,0.9962,0.9979,22.60215,7085-165,Y,Y,24.50318811,CH4
00:39.5,210.9167,2014,7,29,22,0,0.9972,0.9982,21.48584,7085-165,Y,Y,24.68207698,CH4
44:41.7,210.9472,2014,7,29,22,44,0.9924,0.9958,20.42407,7085-165,Y,Y,22.98420878,CH4
28:43.9,210.9778,2014,7,29,23,28,0.988,0.9936,20.0513,7085-165,Y,Y,19.71475356,CH4
12:46.1,211.0083,2014,7,30,0,12,0.9777,0.9935,19.76266,7085-165,Y,Y,16.98213397,CH4
56:48.3,211.0389,2014,7,30,0,56,0.9971,0.9892,19.3379,7085-165,Y,Y,20.28937949,CH4
40:50.5,211.0694,2014,7,30,1,40,0.9837,0.9961,19.13041,7085-165,Y,Y,18.92453786,CH4
24:52.7,211.1000,2014,7,30,2,24,0.9889,0.9994,19.04118,7085-165,Y,Y,17.22730145,CH4
08:54.8,211.1306,2014,7,30,3,8,0.9868,0.9957,18.68774,7085-165,Y,Y,15.7103513,CH4
52:57.0,211.1611,2014,7,30,3,52,0.9914,0.9972,18.2903,7085-165,Y,Y,15.99036064,CH4
36:59.2,211.1917,2014,7,30,4,36,0.9974,0.9951,17.8216,7085-165,Y,Y,15.81014669,CH4
21:01.4,211.2229,2014,7,30,5,21,0.9889,0.9977,17.8116,7085-165,Y,Y,17.60413352,CH4
05:03.6,211.2535,2014,7,30,6,5,0.9944,0.9946,17.6791,7085-165,Y,Y,16.96301306,CH4
49:05.8,211.2840,2014,7,30,6,49,0.9938,0.9963,18.02372,7085-165,Y,Y,13.41700064,CH4
33:07.9,211.3146,2014,7,30,7,33,0.99,0.9925,18.25185,7085-165,Y,Y,13.71500385,CH4
17:10.1,211.3451,2014,7,30,8,17,0.9752,0.989,19.47741,7085-165,Y,Y,14.924093,CH4
01:12.3,211.3757,2014,7,30,9,1,0.9889,0.9769,21.16403,7085-165,Y,Y,15.98249203,CH4
45:14.5,211.4063,2014,7,30,9,45,0.9875,0.9852,23.09786,7085-165,Y,Y,20.68812848,CH4
29:16.7,211.4368,2014,7,30,10,29,0.9966,0.957,24.58878,7085-165,Y,Y,20.35930406,CH4
13:18.9,211.4674,2014,7,30,11,13,0.9962,0.9943,25.94261,7085-165,Y,Y,23.03666683,CH4
57:21.1,211.4979,2014,7,30,11,57,0.9963,0.9895,26.93424,7085-165,Y,Y,22.91404186,CH4
41:23.2,211.5285,2014,7,30,12,41,0.9981,0.9988,27.73449,7085-165,Y,Y,28.54230101,CH4
25:25.4,211.5590,2014,7,30,13,25,0.9974,0.9933,28.40267,7085-165,Y,Y,32.1583426,CH4
09:27.6,211.5896,2014,7,30,14,9,0.9945,0.9891,28.55231,7085-165,Y,Y,32.14961686,CH4
53:29.8,211.6201,2014,7,30,14,53,0.9972,0.9976,29.23072,7085-165,Y,Y,27.03510084,CH4
37:32.0,211.6507,2014,7,30,15,37,0.9902,0.9848,28.94449,7085-165,Y,Y,32.01702688,CH4
21:34.2,211.6813,2014,7,30,16,21,0.9982,0.9978,28.7572,7085-165,Y,Y,31.06400699,CH4
05:36.3,211.7118,2014,7,30,17,5,0.9969,0.9804,28.42055,7085-165,Y,Y,30.12463382,CH4
49:38.5,211.7424,2014,7,30,17,49,0.9855,0.9837,28.02516,7085-165,Y,Y,28.62049508,CH4
33:40.7,211.7729,2014,7,30,18,33,0.9944,0.9958,27.38072,7085-165,Y,Y,26.26546012,CH4
17:42.9,211.8035,2014,7,30,19,17,0.993,0.9837,26.7379,7085-165,Y,Y,26.67178819,CH4
01:45.1,211.8340,2014,7,30,20,1,0.9274,0.9642,25.77316,7085-165,Y,Y,21.15238781,CH4
45:47.3,211.8646,2014,7,30,20,45,0.9968,0.9967,24.4487,7085-165,Y,Y,21.17978192,CH4
29:49.5,211.8951,2014,7,30,21,29,0.9957,0.9933,23.55307,7085-165,Y,Y,19.99424488,CH4
13:51.6,211.9257,2014,7,30,22,13,0.9966,0.9903,22.61701,7085-165,Y,Y,19.13622792,CH4
57:53.8,211.9563,2014,7,30,22,57,0.9954,0.9952,21.91872,7085-165,Y,Y,17.9126338,CH4
41:56.0,211.9868,2014,7,30,23,41,0.9941,0.9977,21.40797,7085-165,Y,Y,17.07964012,CH4
25:58.2,212.0174,2014,7,31,0,25,0.9917,0.9916,20.97096,7085-165,Y,Y,17.24172942,CH4
10:00.4,212.0486,2014,7,31,1,10,0.9898,0.9905,20.66664,7085-165,Y,Y,13.8516109,CH4
54:02.6,212.0792,2014,7,31,1,54,0.9921,0.9909,20.56152,7085-165,Y,Y,13.48965912,CH4
38:04.7,212.1097,2014,7,31,2,38,0.9822,0.9886,20.65163,7085-165,Y,Y,11.1265187,CH4
22:06.9,212.1403,2014,7,31,3,22,0.9923,0.9909,20.62977,7085-165,Y,Y,14.20771789,CH4
06:09.1,212.1708,2014,7,31,4,6,0.9799,0.9954,20.7329,7085-165,Y,Y,12.74981881,CH4
50:11.3,212.2014,2014,7,31,4,50,0.9854,0.9954,20.48286,7085-165,Y,Y,13.97200162,CH4
34:13.5,212.2319,2014,7,31,5,34,0.9922,0.9926,20.42898,7085-165,Y,Y,11.63880042,CH4
18:15.7,212.2625,2014,7,31,6,18,0.9864,0.994,20.21916,7085-165,Y,Y,14.06156392,CH4
02:17.9,212.2931,2014,7,31,7,2,0.9811,0.9951,20.73157,7085-165,Y,Y,9.704052449,CH4
46:20.0,212.3236,2014,7,31,7,46,0.9942,0.995,21.43585,7085-165,Y,Y,16.39300461,CH4
30:22.2,212.3542,2014,7,31,8,30,0.9892,0.9768,22.75236,7085-165,Y,Y,16.23114707,CH4
14:24.4,212.3847,2014,7,31,9,14,0.983,0.9597,24.23155,7085-165,Y,Y,14.08934813,CH4
58:26.6,212.4153,2014,7,31,9,58,0.9681,0.9791,26.04336,7085-165,Y,Y,17.24243809,CH4
42:28.8,212.4458,2014,7,31,10,42,0.9903,0.9879,27.58382,7085-165,Y,Y,18.33226557,CH4
26:31.0,212.4764,2014,7,31,11,26,0.98,0.9588,29.08044,7085-165,Y,Y,21.01509951,CH4
10:33.1,212.5069,2014,7,31,12,10,0.9879,0.9869,29.67364,7085-165,Y,Y,26.98974207,CH4
54:35.3,212.5375,2014,7,31,12,54,0.9938,0.9909,30.47481,7085-165,Y,Y,28.93243048,CH4
38:37.5,212.5681,2014,7,31,13,38,0.9893,0.992,31.28824,7085-165,Y,Y,30.21884021,CH4
22:39.7,212.5986,2014,7,31,14,22,0.9951,0.9947,32.21673,7085-165,Y,Y,29.89918071,CH4
06:41.9,212.6292,2014,7,31,15,6,0.9867,0.9744,32.81884,7085-165,Y,Y,34.37795703,CH4
50:44.1,212.6597,2014,7,31,15,50,0.9651,0.931,30.89866,7085-165,Y,Y,30.25983497,CH4
34:46.3,212.6903,2014,7,31,16,34,0.9937,0.9905,30.18928,7085-165,Y,Y,25.54548469,CH4
56:16.0,209.7472,2014,7,28,17,56,0.9924,0.9999,29.9744,7085-245,Y,Y,6.977853058,CH4
44:42.2,210.1139,2014,7,29,2,44,0.8554,0.9982,24.30771,7085-245,Y,Y,2.309231825,CH4
01:12.8,210.5424,2014,7,29,13,1,0.8952,0.9986,26.77188,7085-245,Y,Y,2.284534012,CH4
37:32.4,210.8174,2014,7,29,19,37,0.8609,0.9818,25.21145,7085-245,Y,Y,4.907204606,CH4
54:03.0,211.2458,2014,7,30,5,54,0.808,0.9967,17.65022,7085-245,Y,Y,3.953425201,CH4
38:05.2,211.2764,2014,7,30,6,38,0.8554,0.9985,17.94838,7085-245,Y,Y,2.290245694,CH4
58:27.1,211.5819,2014,7,30,13,58,0.8106,0.9943,28.7445,7085-245,Y,Y,3.812905855,CH4
18:48.9,211.8875,2014,7,30,21,18,0.885,0.9943,23.75397,7085-245,Y,Y,3.127970825,CH4
14:57.6,212.0097,2014,7,31,0,14,0.9175,0.9959,21.04135,7085-245,Y,Y,3.691424294,CH4
29:17.6,209.7701,2014,7,28,18,29,0.9966,0.7978,29.9389,7098-75,Y,N,42.12984745,CH4
13:19.8,209.8007,2014,7,28,19,13,0.9849,0.6704,29.44323,7098-75,Y,N,43.32389997,CH4
57:22.0,209.8313,2014,7,28,19,57,0.9939,0.755,28.96092,7098-75,Y,N,38.04912299,CH4
41:24.2,209.8618,2014,7,28,20,41,0.9809,0.6428,28.36745,7098-75,Y,N,40.81040146,CH4
25:26.4,209.8924,2014,7,28,21,25,0.9968,0.9344,27.90299,7098-75,Y,Y,39.52189889,CH4
09:28.5,209.9229,2014,7,28,22,9,0.9924,0.6716,27.37296,7098-75,Y,N,38.34828072,CH4
53:30.7,209.9535,2014,7,28,22,53,0.9966,0.6445,26.82873,7098-75,Y,N,37.54352174,CH4
37:32.9,209.9840,2014,7,28,23,37,0.9965,0.7614,26.37846,7098-75,Y,N,36.93021178,CH4
21:35.1,210.0146,2014,7,29,0,21,0.9914,0.7629,26.14183,7098-75,Y,N,35.21411602,CH4
05:37.3,210.0451,2014,7,29,1,5,0.9972,0.8828,25.81546,7098-75,Y,Y,34.98883409,CH4
49:39.5,210.0757,2014,7,29,1,49,0.9973,0.5681,25.21557,7098-75,Y,N,36.41606502,CH4
33:41.7,210.1063,2014,7,29,2,33,0.9979,0.4889,24.5733,7098-75,Y,N,36.28098002,CH4
17:43.8,210.1368,2014,7,29,3,17,0.9973,0.7988,23.3801,7098-75,Y,N,35.10921271,CH4
01:46.0,210.1674,2014,7,29,4,1,0.9965,0.6832,22.86324,7098-75,Y,N,35.41104425,CH4
45:48.2,210.1979,2014,7,29,4,45,0.9964,0.721,22.32935,7098-75,Y,N,35.57461951,CH4
29:50.4,210.2285,2014,7,29,5,29,0.9967,0.8343,21.79922,7098-75,Y,Y,34.55810267,CH4
13:52.6,210.2590,2014,7,29,6,13,0.9957,0.3636,21.59009,7098-75,Y,N,35.7421032,CH4
57:54.8,210.2896,2014,7,29,6,57,0.9973,0.8766,21.77354,7098-75,Y,Y,35.26795421,CH4
41:56.9,210.3201,2014,7,29,7,41,0.9979,0.8004,22.62848,7098-75,Y,Y,34.15316808,CH4
25:59.1,210.3507,2014,7,29,8,25,0.9914,0.772,23.06148,7098-75,Y,N,34.39056902,CH4
10:01.3,210.3819,2014,7,29,9,10,0.9975,0.6544,23.48314,7098-75,Y,N,34.37716741,CH4
54:03.5,210.4125,2014,7,29,9,54,0.9925,0.5378,24.03713,7098-75,Y,N,32.24653337,CH4
38:05.7,210.4431,2014,7,29,10,38,0.9899,0.4267,24.90385,7098-75,Y,N,34.23213281,CH4
22:07.9,210.4736,2014,7,29,11,22,0.9939,0.7055,25.69715,7098-75,Y,N,35.05165132,CH4
06:10.1,210.5042,2014,7,29,12,6,0.9974,0.9457,26.24324,7098-75,Y,Y,33.79587928,CH4
50:12.2,210.5347,2014,7,29,12,50,0.9974,0.7069,26.67312,7098-75,Y,N,37.07511518,CH4
34:14.4,210.5653,2014,7,29,13,34,0.9973,0.8257,26.72244,7098-75,Y,Y,34.51699908,CH4
18:16.6,210.5958,2014,7,29,14,18,0.9993,0.8987,26.93447,7098-75,Y,Y,37.07138506,CH4
02:18.8,210.6264,2014,7,29,15,2,0.9969,0.889,27.18961,7098-75,Y,Y,34.08622921,CH4
46:21.0,210.6569,2014,7,29,15,46,0.9973,0.3505,26.7382,7098-75,Y,N,33.29431411,CH4
30:23.2,210.6875,2014,7,29,16,30,0.9984,0.4745,27.11947,7098-75,Y,N,36.11308726,CH4
14:25.3,210.7181,2014,7,29,17,14,0.9909,0.3847,27.01711,7098-75,Y,N,37.02897836,CH4
58:27.5,210.7486,2014,7,29,17,58,0.9901,0.519,26.78457,7098-75,Y,N,34.51693704,CH4
42:29.7,210.7792,2014,7,29,18,42,0.991,0.7905,26.19781,7098-75,Y,N,32.59284369,CH4
26:31.9,210.8097,2014,7,29,19,26,0.995,0.8031,25.4275,7098-75,Y,Y,31.08460294,CH4
10:34.1,210.8403,2014,7,29,20,10,0.9961,0.765,24.24684,7098-75,Y,N,35.17156267,CH4
54:36.3,210.8708,2014,7,29,20,54,0.9966,0.7602,23.06834,7098-75,Y,N,32.83970538,CH4
38:38.5,210.9014,2014,7,29,21,38,0.991,0.9025,22.24283,7098-75,Y,Y,31.01534749,CH4
22:40.6,210.9319,2014,7,29,22,22,0.998,0.7857,20.8706,7098-75,Y,N,31.8342537,CH4
06:42.8,210.9625,2014,7,29,23,6,0.997,0.9034,20.36193,7098-75,Y,Y,30.76906435,CH4
50:45.0,210.9931,2014,7,29,23,50,0.9977,0.4856,19.85231,7098-75,Y,N,30.88189859,CH4
34:47.2,211.0236,2014,7,30,0,34,0.9978,0.909,19.73577,7098-75,Y,Y,30.26706468,CH4
18:49.4,211.0542,2014,7,30,1,18,0.9973,0.7407,19.29126,7098-75,Y,N,30.65680627,CH4
02:51.6,211.0847,2014,7,30,2,2,0.9974,0.9005,18.8579,7098-75,Y,Y,30.18421589,CH4
46:53.7,211.1153,2014,7,30,2,46,0.9957,0.9507,18.78562,7098-75,Y,Y,28.99245275,CH4
30:55.9,211.1458,2014,7,30,3,30,0.9944,0.812,18.32586,7098-75,Y,Y,29.31848632,CH4
14:58.1,211.1764,2014,7,30,4,14,0.9968,0.8522,18.08206,7098-75,Y,Y,29.16419261,CH4
59:00.3,211.2076,2014,7,30,4,59,0.9982,0.7495,17.73699,7098-75,Y,N,28.70756811,CH4
43:02.5,211.2382,2014,7,30,5,43,0.9982,0.8097,17.78019,7098-75,Y,Y,30.11925514,CH4
27:04.7,211.2688,2014,7,30,6,27,0.998,0.8003,17.89068,7098-75,Y,Y,28.76030317,CH4
11:06.9,211.2993,2014,7,30,7,11,0.9977,0.4714,18.04494,7098-75,Y,N,28.76099557,CH4
55:09.0,211.3299,2014,7,30,7,55,0.9958,0.8998,18.86744,7098-75,Y,Y,28.13229077,CH4
39:11.2,211.3604,2014,7,30,8,39,0.9847,0.6879,20.25771,7098-75,Y,N,28.82398714,CH4
23:13.4,211.3910,2014,7,30,9,23,0.9953,0.3957,22.10778,7098-75,Y,N,29.32956039,CH4
07:15.6,211.4215,2014,7,30,10,7,0.9926,0.6429,23.82166,7098-75,Y,N,26.58540869,CH4
51:17.8,211.4521,2014,7,30,10,51,0.9972,0.2421,25.12915,7098-75,Y,N,30.32399045,CH4
35:20.0,211.4826,2014,7,30,11,35,0.9929,0.8969,26.45819,7098-75,Y,Y,29.57490211,CH4
19:22.1,211.5132,2014,7,30,12,19,0.9938,0.7316,27.38662,7098-75,Y,N,30.53401198,CH4
03:24.3,211.5438,2014,7,30,13,3,0.9972,0.8342,28.05271,7098-75,Y,Y,27.83592434,CH4
47:26.5,211.5743,2014,7,30,13,47,0.9964,0.5656,28.81499,7098-75,Y,N,31.39076968,CH4
15:30.9,211.6354,2014,7,30,15,15,0.9931,0.6851,28.70182,7098-75,Y,N,31.13518037,CH4
59:33.1,211.6660,2014,7,30,15,59,0.9946,0.6497,28.98334,7098-75,Y,N,29.59281465,CH4
43:35.3,211.6965,2014,7,30,16,43,0.9952,0.1256,28.65552,7098-75,Y,N,32.73546248,CH4
27:37.4,211.7271,2014,7,30,17,27,0.9893,0.8373,28.31772,7098-75,Y,Y,29.90244304,CH4
11:39.6,211.7576,2014,7,30,18,11,0.9955,0.3129,27.69556,7098-75,Y,N,31.57434334,CH4
55:41.8,211.7882,2014,7,30,18,55,0.9942,0.7402,27.10845,7098-75,Y,N,30.75302805,CH4
39:44.0,211.8188,2014,7,30,19,39,0.9927,0.4322,26.28611,7098-75,Y,N,32.62202692,CH4
23:46.2,211.8493,2014,7,30,20,23,0.9963,0.8579,25.02531,7098-75,Y,Y,29.44855815,CH4
07:48.4,211.8799,2014,7,30,21,7,0.9974,0.8304,23.94027,7098-75,Y,Y,29.84284034,CH4
51:50.5,211.9104,2014,7,30,21,51,0.998,0.8619,23.10574,7098-75,Y,Y,28.64980124,CH4
35:52.7,211.9410,2014,7,30,22,35,0.9963,0.8678,22.20712,7098-75,Y,Y,27.65652622,CH4
19:54.9,211.9715,2014,7,30,23,19,0.9918,0.9208,21.53659,7098-75,Y,Y,26.3017371,CH4
03:57.1,212.0021,2014,7,31,0,3,0.998,0.7312,21.18077,7098-75,Y,N,28.31093391,CH4
47:59.3,212.0326,2014,7,31,0,47,0.9965,0.9394,20.7886,7098-75,Y,Y,27.30309995,CH4
32:01.5,212.0639,2014,7,31,1,32,0.996,0.4932,20.64705,7098-75,Y,N,27.824182,CH4
16:03.7,212.0944,2014,7,31,2,16,0.9966,0.8251,20.65305,7098-75,Y,Y,27.18576065,CH4
00:05.8,212.1250,2014,7,31,3,0,0.9964,0.8508,20.70672,7098-75,Y,Y,27.69018068,CH4
44:08.0,212.1556,2014,7,31,3,44,0.993,0.7507,20.74277,7098-75,Y,N,28.73512455,CH4
28:10.2,212.1861,2014,7,31,4,28,0.9977,0.6545,20.45392,7098-75,Y,N,26.81203153,CH4
12:12.4,212.2167,2014,7,31,5,12,0.996,0.9486,20.26206,7098-75,Y,Y,27.33589573,CH4
56:14.6,212.2472,2014,7,31,5,56,0.9909,0.8737,20.36161,7098-75,Y,Y,26.16263747,CH4
40:16.8,212.2778,2014,7,31,6,40,0.9953,0.6732,20.49544,7098-75,Y,N,27.36083731,CH4
24:18.9,212.3083,2014,7,31,7,24,0.9917,0.6762,20.90978,7098-75,Y,N,27.12284422,CH4
08:21.1,212.3389,2014,7,31,8,8,0.9855,0.6971,22.01857,7098-75,Y,N,29.98533699,CH4
52:23.3,212.3694,2014,7,31,8,52,0.9931,0.6134,23.47918,7098-75,Y,N,27.63692963,CH4
36:25.5,212.4000,2014,7,31,9,36,0.9824,0.2085,25.10187,7098-75,Y,N,27.61282061,CH4
20:27.7,212.4306,2014,7,31,10,20,0.9881,0.6145,26.90973,7098-75,Y,N,27.62236787,CH4
04:29.9,212.4611,2014,7,31,11,4,0.989,0.3028,28.28734,7098-75,Y,N,28.77478359,CH4
48:32.1,212.4917,2014,7,31,11,48,0.9938,0.2569,28.86695,7098-75,Y,N,28.44710276,CH4
32:34.2,212.5222,2014,7,31,12,32,0.993,0.637,30.34693,7098-75,Y,N,30.09950143,CH4
16:36.4,212.5528,2014,7,31,13,16,0.9899,0.7128,30.81372,7098-75,Y,N,28.56963089,CH4
00:38.6,212.5833,2014,7,31,14,0,0.9946,0.0589,31.73548,7098-75,Y,N,31.99846912,CH4
44:40.8,212.6139,2014,7,31,14,44,0.9943,0.5619,32.43324,7098-75,Y,N,32.87847329,CH4
28:43.0,212.6444,2014,7,31,15,28,0.9888,0.7312,31.65547,7098-75,Y,N,31.03882073,CH4
12:45.2,212.6750,2014,7,31,16,12,0.9965,0.4347,30.55728,7098-75,Y,N,32.65646386,CH4
56:47.3,212.7056,2014,7,31,16,56,0.9916,0.4902,30.41455,7098-75,Y,N,33.03728197,CH4
40:18.2,209.7778,2014,7,28,18,40,0.1792,0.9932,29.91241,7085-245,N,Y,1.650415785,CH4
24:20.4,209.8083,2014,7,28,19,24,0.2538,0.9697,29.28019,7085-245,N,Y,2.134632281,CH4
08:22.5,209.8389,2014,7,28,20,8,0.196,0.9966,28.78441,7085-245,N,Y,1.40549607,CH4
52:24.7,209.8694,2014,7,28,20,52,0.3851,0.9906,28.21499,7085-245,N,Y,1.716727731,CH4
36:26.9,209.9000,2014,7,28,21,36,0.0372,0.993,27.79323,7085-245,N,Y,0.387049487,CH4
20:29.1,209.9306,2014,7,28,22,20,0.4697,0.9942,27.25016,7085-245,N,Y,1.444271656,CH4
04:31.3,209.9611,2014,7,28,23,4,0.0822,0.9971,26.71409,7085-245,N,Y,1.563499699,CH4
48:33.5,209.9917,2014,7,28,23,48,0.5472,0.9799,26.32665,7085-245,N,Y,4.218480762,CH4
32:35.6,210.0222,2014,7,29,0,32,0.5027,0.994,26.09893,7085-245,N,Y,-1.557305296,CH4
16:37.8,210.0528,2014,7,29,1,16,0.0796,0.9933,25.48616,7085-245,N,Y,0.434263387,CH4
00:40.0,210.0833,2014,7,29,2,0,0.094,0.9958,25.0385,7085-245,N,Y,0.540575511,CH4
28:44.4,210.1444,2014,7,29,3,28,0.0157,0.9986,23.39036,7085-245,N,Y,0.166908107,CH4
12:46.6,210.1750,2014,7,29,4,12,0.228,0.9945,22.64653,7085-245,N,Y,0.774539885,CH4
56:48.8,210.2056,2014,7,29,4,56,0.786,0.9929,22.24659,7085-245,N,Y,3.265097768,CH4
40:50.9,210.2361,2014,7,29,5,40,0.6739,0.9958,21.67767,7085-245,N,Y,2.743521231,CH4
24:53.1,210.2667,2014,7,29,6,24,0.7346,0.9969,21.82195,7085-245,N,Y,2.906850848,CH4
08:55.3,210.2972,2014,7,29,7,8,0.6022,0.9896,21.92478,7085-245,N,Y,3.019797282,CH4
52:57.5,210.3278,2014,7,29,7,52,0.3225,0.996,22.68783,7085-245,N,Y,1.32020101,CH4
36:59.7,210.3583,2014,7,29,8,36,0.176,0.9913,23.17647,7085-245,N,Y,0.909433575,CH4
21:01.9,210.3896,2014,7,29,9,21,0.0692,0.9974,23.60341,7085-245,N,Y,-0.298852342,CH4
05:04.0,210.4201,2014,7,29,10,5,0.2002,0.9915,24.27203,7085-245,N,Y,0.818711373,CH4
49:06.2,210.4507,2014,7,29,10,49,0.0599,0.9902,25.06197,7085-245,N,Y,0.200281089,CH4
33:08.4,210.4813,2014,7,29,11,33,0.1543,0.9928,25.88186,7085-245,N,Y,-0.580335707,CH4
17:10.6,210.5118,2014,7,29,12,17,0.2882,0.9945,26.42128,7085-245,N,Y,1.141338703,CH4
45:15.0,210.5729,2014,7,29,13,45,0.5374,0.9945,26.90743,7085-245,N,Y,1.724999395,CH4
29:17.2,210.6035,2014,7,29,14,29,0.1454,0.9949,26.76418,7085-245,N,Y,0.479541104,CH4
13:19.3,210.6340,2014,7,29,15,13,0.0158,0.9955,27.07075,7085-245,N,Y,0.130681289,CH4
57:21.5,210.6646,2014,7,29,15,57,0.1615,0.9849,26.93473,7085-245,N,Y,1.031410188,CH4
41:23.7,210.6951,2014,7,29,16,41,0.1654,0.9973,27.14666,7085-245,N,Y,1.003355423,CH4
25:25.9,210.7257,2014,7,29,17,25,0.2839,0.9884,27.03141,7085-245,N,Y,0.703307274,CH4
09:28.1,210.7563,2014,7,29,18,9,0.4477,0.9822,26.64467,7085-245,N,Y,2.613944361,CH4
53:30.3,210.7868,2014,7,29,18,53,0.5055,0.9865,26.06196,7085-245,N,Y,3.49533076,CH4
21:34.6,210.8479,2014,7,29,20,21,0,0.9937,23.92085,7085-245,N,Y,-0.005353982,CH4
05:36.8,210.8785,2014,7,29,21,5,0.761,0.9952,22.91104,7085-245,N,Y,2.847742468,CH4
49:39.0,210.9090,2014,7,29,21,49,0.0638,0.9952,21.84255,7085-245,N,Y,0.352933963,CH4
33:41.2,210.9396,2014,7,29,22,33,0.7224,0.9984,20.60032,7085-245,N,Y,1.330029111,CH4
17:43.4,210.9701,2014,7,29,23,17,0.0641,0.9953,20.24913,7085-245,N,Y,-0.789476213,CH4
01:45.6,211.0007,2014,7,30,0,1,0.5018,0.9927,19.84377,7085-245,N,Y,1.776811691,CH4
45:47.7,211.0313,2014,7,30,0,45,0.4972,0.9954,19.50327,7085-245,N,Y,1.100798365,CH4
29:49.9,211.0618,2014,7,30,1,29,0.0046,0.9962,19.275,7085-245,N,Y,0.112567042,CH4
13:52.1,211.0924,2014,7,30,2,13,0.4826,0.9974,18.90115,7085-245,N,Y,1.792853975,CH4
57:54.3,211.1229,2014,7,30,2,57,0.7775,0.9956,18.65529,7085-245,N,Y,2.434877684,CH4
41:56.5,211.1535,2014,7,30,3,41,0.0077,0.9948,18.41249,7085-245,N,Y,-0.201158122,CH4
25:58.7,211.1840,2014,7,30,4,25,0.5356,0.9971,17.96483,7085-245,N,Y,1.421389689,CH4
10:00.8,211.2153,2014,7,30,5,10,0.2825,0.9976,17.8901,7085-245,N,Y,0.567076233,CH4
22:07.4,211.3069,2014,7,30,7,22,0.3237,0.9954,18.22394,7085-245,N,Y,-1.509679455,CH4
06:09.6,211.3375,2014,7,30,8,6,0.3204,0.9941,19.21312,7085-245,N,Y,-2.083394643,CH4
50:11.8,211.3681,2014,7,30,8,50,0.5038,0.9819,20.72863,7085-245,N,Y,1.980710842,CH4
34:14.0,211.3986,2014,7,30,9,34,0.1866,0.9737,22.61916,7085-245,N,Y,0.704366424,CH4
18:16.1,211.4292,2014,7,30,10,18,0.689,0.9922,24.1829,7085-245,N,Y,-4.354534221,CH4
02:18.3,211.4597,2014,7,30,11,2,0.0126,0.9956,25.5091,7085-245,N,Y,-0.151528092,CH4
46:20.5,211.4903,2014,7,30,11,46,0.3316,0.9981,26.70497,7085-245,N,Y,0.696122562,CH4
30:22.7,211.5208,2014,7,30,12,30,0.0003,0.9904,27.61558,7085-245,N,Y,-0.020353942,CH4
14:24.9,211.5514,2014,7,30,13,14,0.1711,0.9939,28.3071,7085-245,N,Y,-0.666378932,CH4
42:29.2,211.6125,2014,7,30,14,42,0.0895,0.9955,28.99172,7085-245,N,Y,1.556483175,CH4
26:31.4,211.6431,2014,7,30,15,26,0.4788,0.9924,28.87874,7085-245,N,Y,2.074813237,CH4
10:33.6,211.6736,2014,7,30,16,10,0.64,0.9961,28.75717,7085-245,N,Y,2.159905269,CH4
54:35.8,211.7042,2014,7,30,16,54,0.3723,0.9933,28.52411,7085-245,N,Y,2.239274291,CH4
38:38.0,211.7347,2014,7,30,17,38,0.0036,0.9912,28.14945,7085-245,N,Y,0.16903872,CH4
22:40.2,211.7653,2014,7,30,18,22,0.0159,0.9853,27.53823,7085-245,N,Y,-0.291395993,CH4
06:42.4,211.7958,2014,7,30,19,6,0.1218,0.9726,26.93523,7085-245,N,Y,0.893092227,CH4
50:44.5,211.8264,2014,7,30,19,50,0.0552,0.9625,26.01963,7085-245,N,Y,0.88190379,CH4
34:46.7,211.8569,2014,7,30,20,34,0.7475,0.9926,24.67164,7085-245,N,Y,3.464449461,CH4
02:51.1,211.9181,2014,7,30,22,2,0.5222,0.9949,22.86941,7085-245,N,Y,1.18644148,CH4
46:53.3,211.9486,2014,7,30,22,46,0,0.9956,22.07621,7085-245,N,Y,-0.000392747,CH4
30:55.5,211.9792,2014,7,30,23,30,0.4443,0.9983,21.4138,7085-245,N,Y,0.719411032,CH4
58:59.8,212.0403,2014,7,31,0,58,0.6487,0.9954,20.71848,7085-245,N,Y,1.223696211,CH4
43:02.0,212.0715,2014,7,31,1,43,0.6043,0.9934,20.57811,7085-245,N,Y,1.433725238,CH4
27:04.2,212.1021,2014,7,31,2,27,0.3675,0.9922,20.7086,7085-245,N,Y,-1.124634042,CH4
11:06.4,212.1326,2014,7,31,3,11,0.266,0.9973,20.62982,7085-245,N,Y,0.793942025,CH4
55:08.6,212.1632,2014,7,31,3,55,0.7407,0.9982,20.76973,7085-245,N,Y,1.607907421,CH4
39:10.8,212.1938,2014,7,31,4,39,0.3417,0.9854,20.39573,7085-245,N,Y,1.461662559,CH4
23:12.9,212.2243,2014,7,31,5,23,0.782,0.9918,20.39444,7085-245,N,Y,3.325890776,CH4
07:15.1,212.2549,2014,7,31,6,7,0.5456,0.9941,20.25511,7085-245,N,Y,1.533980763,CH4
51:17.3,212.2854,2014,7,31,6,51,0.1322,0.9924,20.58412,7085-245,N,Y,-0.606592369,CH4
35:19.5,212.3160,2014,7,31,7,35,0.0007,0.9953,21.11994,7085-245,N,Y,0.038417857,CH4
19:21.7,212.3465,2014,7,31,8,19,0.5576,0.9856,22.36448,7085-245,N,Y,-2.297227635,CH4
03:23.9,212.3771,2014,7,31,9,3,0.0001,0.9787,23.82693,7085-245,N,Y,0.012678515,CH4
47:26.0,212.4076,2014,7,31,9,47,0.0005,0.9263,25.55176,7085-245,N,Y,0.106895717,CH4
31:28.2,212.4382,2014,7,31,10,31,0.0895,0.9658,27.29586,7085-245,N,Y,1.069282922,CH4
15:30.4,212.4688,2014,7,31,11,15,0.4126,0.989,28.81893,7085-245,N,Y,-1.830166912,CH4
59:32.6,212.4993,2014,7,31,11,59,0.035,0.9911,29.24806,7085-245,N,Y,-0.231296258,CH4
43:34.8,212.5299,2014,7,31,12,43,0.4528,0.9853,30.25749,7085-245,N,Y,1.508408806,CH4
27:37.0,212.5604,2014,7,31,13,27,0.7033,0.9937,31.12094,7085-245,N,Y,2.993918611,CH4
11:39.2,212.5910,2014,7,31,14,11,0.3561,0.9975,32.01126,7085-245,N,Y,0.77976697,CH4
55:41.3,212.6215,2014,7,31,14,55,0.2575,0.9909,32.56437,7085-245,N,Y,1.137435617,CH4
39:43.5,212.6521,2014,7,31,15,39,0.7833,0.9932,31.20354,7085-245,N,Y,3.314209009,CH4
23:45.7,212.6826,2014,7,31,16,23,0.4576,0.99,30.26134,7085-245,N,Y,2.926282838,CH4
07:47.9,212.7132,2014,7,31,17,7,0.2264,0.9768,30.414,7085-245,N,Y,1.332411721,CH4
31:28.7,211.6049,2014,7,30,14,31,0.6261,0.8957,28.75766,7098-75,N,Y,18.70018598,CH4
